region,,DEU,DEU,DEU,DEU,DEU,FRA,FRA,FRA,FRA,FRA,ITA,ITA,ITA,ITA,ITA,ESP,ESP,ESP,ESP,ESP,NLD,NLD,NLD,NLD,NLD,POL,POL,POL,POL,POL,BEL,BEL,BEL,BEL,BEL,SWE,SWE,SWE,SWE,SWE,AUT,AUT,AUT,AUT,AUT,DNK,DNK,DNK,DNK,DNK,FIN,FIN,FIN,FIN,FIN,IRL,IRL,IRL,IRL,IRL,ROU,ROU,ROU,ROU,ROU,CZE,CZE,CZE,CZE,CZE,PRT,PRT,PRT,PRT,PRT,SVK,SVK,SVK,SVK,SVK,HUN,HUN,HUN,HUN,HUN,LUX,LUX,LUX,LUX,LUX,BGR,BGR,BGR,BGR,BGR,SVN,SVN,SVN,SVN,SVN,HRV,HRV,HRV,HRV,HRV,LTU,LTU,LTU,LTU,LTU,LVA,LVA,LVA,LVA,LVA,CYP,CYP,CYP,CYP,CYP,EST,EST,EST,EST,EST,GRC,GRC,GRC,GRC,GRC,MLT,MLT,MLT,MLT,MLT
subsector,,Buildings,Electricity infrastructure,Other civil engineering,Railways,Roads,Buildings,Electricity infrastructure,Other civil engineering,Railways,Roads,Buildings,Electricity infrastructure,Other civil engineering,Railways,Roads,Buildings,Electricity infrastructure,Other civil engineering,Railways,Roads,Buildings,Electricity infrastructure,Other civil engineering,Railways,Roads,Buildings,Electricity infrastructure,Other civil engineering,Railways,Roads,Buildings,Electricity infrastructure,Other civil engineering,Railways,Roads,Buildings,Electricity infrastructure,Other civil engineering,Railways,Roads,Buildings,Electricity infrastructure,Other civil engineering,Railways,Roads,Buildings,Electricity infrastructure,Other civil engineering,Railways,Roads,Buildings,Electricity infrastructure,Other civil engineering,Railways,Roads,Buildings,Electricity infrastructure,Other civil engineering,Railways,Roads,Buildings,Electricity infrastructure,Other civil engineering,Railways,Roads,Buildings,Electricity infrastructure,Other civil engineering,Railways,Roads,Buildings,Electricity infrastructure,Other civil engineering,Railways,Roads,Buildings,Electricity infrastructure,Other civil engineering,Railways,Roads,Buildings,Electricity infrastructure,Other civil engineering,Railways,Roads,Buildings,Electricity infrastructure,Other civil engineering,Railways,Roads,Buildings,Electricity infrastructure,Other civil engineering,Railways,Roads,Buildings,Electricity infrastructure,Other civil engineering,Railways,Roads,Buildings,Electricity infrastructure,Other civil engineering,Railways,Roads,Buildings,Electricity infrastructure,Other civil engineering,Railways,Roads,Buildings,Electricity infrastructure,Other civil engineering,Railways,Roads,Buildings,Electricity infrastructure,Other civil engineering,Railways,Roads,Buildings,Electricity infrastructure,Other civil engineering,Railways,Roads,Buildings,Electricity infrastructure,Other civil engineering,Railways,Roads,Buildings,Electricity infrastructure,Other civil engineering,Railways,Roads
material input,Material,,,,,,,,,,,,,,,,,,,,,,,,,,,,,,,,,,,,,,,,,,,,,,,,,,,,,,,,,,,,,,,,,,,,,,,,,,,,,,,,,,,,,,,,,,,,,,,,,,,,,,,,,,,,,,,,,,,,,,,,,,,,,,,,,,,,,,,
Basic metals,Aluminium,0.36709023108374605,0.3061683780054209,0.2713540711281813,0.1984068876773725,0.2713540711281813,0.3261192531537179,0.27374867324874264,0.2713540711281813,0.17586977840880597,0.2713540711281813,0.30150787304870336,0.31316146819843543,0.2713540711281813,0.20160254268180075,0.2713540711281813,0.27399631637155175,0.2918873942518387,0.2713540711281813,0.1894494501232959,0.2713540711281813,0.31025247046277077,0.31963034149569663,0.2713540711281813,0.21264447787546073,0.2713540711281813,0.44490477264258316,0.35415152417378304,0.2713540711281813,0.23460964298225118,0.2713540711281813,0.24790918822602098,0.23130813706635428,0.2713540711281813,0.14325679536327215,0.2713540711281813,0.03540527479770119,0.3014176551537404,0.2713540711281813,0.19685604836907136,0.2713540711281813,0.368008137287316,0.34221927467122815,0.2713540711281813,0.22691180192326924,0.2713540711281813,0.15286289416672033,0.3628214340653953,0.2713540711281813,0.2501791512138225,0.2713540711281813,0.10848415381377492,0.3484590098898992,0.2713540711281813,0.2288356389827159,0.2713540711281813,0.28796014140193615,0.2398792371776276,0.2713540711281813,0.15734066795465854,0.2713540711281813,0.4444660817277256,0.4427058909174459,0.2713540711281813,0.308629582425029,0.2713540711281813,0.4453763556522072,0.3985829079062288,0.2713540711281813,0.2702949093684232,0.2713540711281813,0.1635329937885788,0.15339386223296606,0.2713540711281813,0.09219845939528305,0.2713540711281813,0.4167447191880074,0.27465604488554274,0.2713540711281813,0.17011591795746756,0.2713540711281813,0.383450123253471,0.38915987339923974,0.2713540711281813,0.25267806222542943,0.2713540711281813,0.22554081299849352,0.2044639943017262,0.2713540711281813,0.12342363079323437,0.2713540711281813,0.3841362448680782,0.37231498984160033,0.2713540711281813,0.2483246383254395,0.2713540711281813,0.2839791006514907,0.2666033376761271,0.2713540711281813,0.16870572284453472,0.2713540711281813,0.374241572754181,0.39561025491852625,0.2713540711281813,0.2698976144544695,0.2713540711281813,0.09731764310389927,0.3489694692717095,0.2713540711281813,0.23348839747788996,0.2713540711281813,0.04973636427072653,0.19723858341539077,0.2713540711281813,0.1205830866713526,0.2713540711281813,0.3851500295287635,0.3604716647341282,0.2713540711281813,0.23833042545596692,0.2713540711281813,0.164575799558347,0.34220569468520673,0.2713540711281813,0.22627203036693497,0.2713540711281813,0.4273248234477884,0.3351817402608266,0.2713540711281813,0.2258203512572973,0.2713540711281813,0.3739183390087788,0.3677137044186843,0.2713540711281813,0.23683779828754267,0.2713540711281813
Basic metals,Copper,0.632909768916254,0.6828421421470583,0.7250858662025818,0.8015931123226274,0.7250858662025818,0.6738807468462821,0.7129986490505864,0.7250858662025818,0.8241302215911941,0.7250858662025818,0.6984921269512966,0.6762386853109499,0.7250858662025818,0.7983974573181992,0.7250858662025818,0.7260036836284482,0.6986007485569328,0.7250858662025818,0.810550549876704,0.7250858662025818,0.6897475295372292,0.6686293355976012,0.7250858662025818,0.7873555221245392,0.7250858662025818,0.5550952273574168,0.6352613209868764,0.7250858662025818,0.7653903570177488,0.7250858662025818,0.7520908117739792,0.7577006715268524,0.7250858662025818,0.8567432046367278,0.7250858662025818,0.9645947252022987,0.6878812679733818,0.7250858662025818,0.8031439516309286,0.7250858662025818,0.631991862712684,0.645253572210698,0.7250858662025818,0.7730881980767308,0.7250858662025818,0.8471371058332797,0.6241050957843648,0.7250858662025818,0.7498208487861775,0.7250858662025818,0.8915158461862251,0.641608709186993,0.7250858662025818,0.7711643610172841,0.7250858662025818,0.7120398585980637,0.7458974134471451,0.7250858662025818,0.8426593320453415,0.7250858662025818,0.5555339182722745,0.5463365148331245,0.7250858662025818,0.691370417574971,0.7250858662025818,0.5546236443477928,0.5892756720653487,0.7250858662025818,0.7297050906315768,0.7250858662025818,0.8364670062114212,0.8394203022476866,0.7250858662025818,0.907801540604717,0.7250858662025818,0.5832552808119926,0.7147166270056332,0.7250858662025818,0.8298840820425324,0.7250858662025818,0.616549876746529,0.6009008914596083,0.7250858662025818,0.7473219377745706,0.7250858662025818,0.7744591870015064,0.7860305977229368,0.7250858662025818,0.8765763692067656,0.7250858662025818,0.6158637551319218,0.6195878155776021,0.7250858662025818,0.7516753616745605,0.7250858662025818,0.7160208993485092,0.7224806062958024,0.7250858662025818,0.8312942771554653,0.7250858662025818,0.625758427245819,0.5918640289958622,0.7250858662025818,0.7301023855455305,0.7250858662025818,0.9026823568961008,0.6404460076017893,0.7250858662025818,0.76651160252211,0.7250858662025818,0.9502636357292734,0.7893809596785857,0.7250858662025818,0.8794169133286472,0.7250858662025818,0.6148499704712366,0.6306588595990714,0.7250858662025818,0.7616695745440332,0.7250858662025818,0.835424200441653,0.6487450321617522,0.7250858662025818,0.7737279696330651,0.7250858662025818,0.5726751765522116,0.6573482889524747,0.7250858662025818,0.7741796487427026,0.7250858662025818,0.6260816609912212,0.6233005675515783,0.7250858662025818,0.7631622017124574,0.7250858662025818
Basic metals,Lead,0.0,0.008598370182436227,0.00280695179891893,0.0,0.00280695179891893,0.0,0.0102808296715211,0.00280695179891893,0.0,0.00280695179891893,0.0,0.008352016607948544,0.00280695179891893,0.0,0.00280695179891893,0.0,0.0076482630184973675,0.00280695179891893,0.0,0.00280695179891893,0.0,0.009120972702845969,0.00280695179891893,0.0,0.00280695179891893,0.0,0.008699081154890806,0.00280695179891893,0.0,0.00280695179891893,0.0,0.009073427934361711,0.00280695179891893,0.0,0.00280695179891893,0.0,0.007953933651951352,0.00280695179891893,0.0,0.00280695179891893,0.0,0.010598223493489814,0.00280695179891893,0.0,0.00280695179891893,0.0,0.008493011318760997,0.00280695179891893,0.0,0.00280695179891893,0.0,0.008199652205297133,0.00280695179891893,0.0,0.00280695179891893,0.0,0.007417720990226591,0.00280695179891893,0.0,0.00280695179891893,0.0,0.009080495781709056,0.00280695179891893,0.0,0.00280695179891893,0.0,0.009234056253874084,0.00280695179891893,0.0,0.00280695179891893,0.0,0.005599507899004365,0.00280695179891893,0.0,0.00280695179891893,0.0,0.009671481235307032,0.00280695179891893,0.0,0.00280695179891893,0.0,0.009050119317192814,0.00280695179891893,0.0,0.00280695179891893,0.0,0.008388887589698434,0.00280695179891893,0.0,0.00280695179891893,0.0,0.0065875526866651865,0.00280695179891893,0.0,0.00280695179891893,0.0,0.008846340702930652,0.00280695179891893,0.0,0.00280695179891893,0.0,0.010673970705851434,0.00280695179891893,0.0,0.00280695179891893,0.0,0.007682359788885758,0.00280695179891893,0.0,0.00280695179891893,0.0,0.01096491120640198,0.00280695179891893,0.0,0.00280695179891893,0.0,0.006787527616276409,0.00280695179891893,0.0,0.00280695179891893,0.0,0.0067333799518422485,0.00280695179891893,0.0,0.00280695179891893,0.0,0.005994946090537502,0.00280695179891893,0.0,0.00280695179891893,0.0,0.00763205595402876,0.00280695179891893,0.0,0.00280695179891893
Basic metals,Other metals,0.0,0.0023911096650845566,0.0007531108703180069,0.0,0.0007531108703180069,0.0,0.002971848029149816,0.0007531108703180069,0.0,0.0007531108703180069,0.0,0.002247829882666063,0.0007531108703180069,0.0,0.0007531108703180069,0.0,0.0018635941727311984,0.0007531108703180069,0.0,0.0007531108703180069,0.0,0.002619350203856175,0.0007531108703180069,0.0,0.0007531108703180069,0.0,0.0018880736844496609,0.0007531108703180069,0.0,0.0007531108703180069,0.0,0.0019177634724316804,0.0007531108703180069,0.0,0.0007531108703180069,0.0,0.002747143220926497,0.0007531108703180069,0.0,0.0007531108703180069,0.0,0.0019289296245840481,0.0007531108703180069,0.0,0.0007531108703180069,0.0,0.004580458831478933,0.0007531108703180069,0.0,0.0007531108703180069,0.0,0.0017326287178105616,0.0007531108703180069,0.0,0.0007531108703180069,0.0,0.006805628385000797,0.0007531108703180069,0.0,0.0007531108703180069,0.0,0.001877098467720511,0.0007531108703180069,0.0,0.0007531108703180069,0.0,0.002907363774548247,0.0007531108703180069,0.0,0.0007531108703180069,0.0,0.0015863276203430113,0.0007531108703180069,0.0,0.0007531108703180069,0.0,0.000955846873517006,0.0007531108703180069,0.0,0.0007531108703180069,0.0,0.000889115823959097,0.0007531108703180069,0.0,0.0007531108703180069,0.0,0.001116520385638539,0.0007531108703180069,0.0,0.0007531108703180069,0.0,0.0015096418941323393,0.0007531108703180069,0.0,0.0007531108703180069,0.0,0.002069715325139879,0.0007531108703180069,0.0,0.0007531108703180069,0.0,0.0018517453797602247,0.0007531108703180069,0.0,0.0007531108703180069,0.0,0.0029021633376154596,0.0007531108703180069,0.0,0.0007531108703180069,0.0,0.002415545699621654,0.0007531108703180069,0.0,0.0007531108703180069,0.0,0.0020819480505239194,0.0007531108703180069,0.0,0.0007531108703180069,0.0,0.0023158932011987637,0.0007531108703180069,0.0,0.0007531108703180069,0.0,0.001475024696161261,0.0007531108703180069,0.0,0.0007531108703180069,0.0,0.0013536720757086596,0.0007531108703180069,0.0,0.0007531108703180069
Fabricated metal products,Aluminium,0.028965984274371612,0.06973286546261455,0.03222237996540763,0.00819645154826332,0.03222237996540763,0.032086404039799676,0.07056332621698658,0.03222237996540763,0.00491330865002357,0.03222237996540763,0.048992784389452294,0.10311216331323048,0.03222237996540763,0.007652379812435867,0.03222237996540763,0.04064520651023217,0.09321813736142077,0.03222237996540763,0.007037972434654614,0.03222237996540763,0.04461160171404698,0.11650489130127839,0.03222237996540763,0.008545920006241442,0.03222237996540763,0.034369335917690674,0.08377365898433008,0.03222237996540763,0.005051041399623053,0.03222237996540763,0.019791320963613128,0.04917964238735098,0.03222237996540763,0.0037609552405342417,0.03222237996540763,0.0025479875403863254,0.04283901953778992,0.03222237996540763,0.002495757138394276,0.03222237996540763,0.021947243949173467,0.06046239142460082,0.03222237996540763,0.006770574874078596,0.03222237996540763,0.006511242916549405,0.029562616777722976,0.03222237996540763,0.001942911827394367,0.03222237996540763,0.003698790608129008,0.03173954884866753,0.03222237996540763,0.0016252544138413189,0.03222237996540763,0.00876795003613454,0.02144913544003375,0.03222237996540763,0.001387788137694401,0.03222237996540763,0.03339904026877724,0.09763844213168997,0.03222237996540763,0.0058415949587977516,0.03222237996540763,0.034995171618491,0.10177621143852164,0.03222237996540763,0.00527427777661751,0.03222237996540763,0.030577957693201166,0.05897280747385432,0.03222237996540763,0.004663077635750926,0.03222237996540763,0.02194941596219922,0.07260297056661263,0.03222237996540763,0.004021552879924016,0.03222237996540763,0.03744139605967691,0.08189467899087212,0.03222237996540763,0.005127606182423547,0.03222237996540763,0.013401020595745673,0.03264525341284342,0.03222237996540763,0.0019866245713360624,0.03222237996540763,0.030634857205768775,0.0807177802446871,0.03222237996540763,0.003999442944600684,0.03222237996540763,0.022205720961369628,0.07155987361799723,0.03222237996540763,0.003743040015889217,0.03222237996540763,0.034922992794379465,0.06901575005873058,0.03222237996540763,0.004254259173036414,0.03222237996540763,0.008409214521968135,0.06587244747148181,0.03222237996540763,0.004011735761803841,0.03222237996540763,0.0026310584701547354,0.025393156731040027,0.03222237996540763,0.001246349492256541,0.03222237996540763,0.024377361461442353,0.07150649100229792,0.03222237996540763,0.004005253848902825,0.03222237996540763,0.011110552194653034,0.061723212503798947,0.03222237996540763,0.0029746388789483468,0.03222237996540763,0.03191983979187418,0.05640335567162752,0.03222237996540763,0.004854299737256448,0.03222237996540763,0.042915613076391,0.09477175644632814,0.03222237996540763,0.006170057503212536,0.03222237996540763
Fabricated metal products,Copper,0.04994100322256198,0.1555240274673345,0.07444661011944828,0.033114874102847594,0.07444661011944828,0.06630215698353735,0.18378739764525362,0.07444661011944828,0.023023888374258096,0.07444661011944828,0.11349976976530558,0.22265968466568617,0.07444661011944828,0.030305374641653504,0.07444661011944828,0.10769695753227772,0.22310747850790855,0.07444661011944828,0.03011163359520833,0.07444661011944828,0.09917968429087856,0.24371462264853005,0.07444661011944828,0.0316428499614721,0.07444661011944828,0.042881658072660325,0.1502694796935996,0.07444661011944828,0.01647851439960374,0.07444661011944828,0.060041625548918745,0.1610987340737464,0.07444661011944828,0.02249228622697988,0.07444661011944828,0.06941833823861206,0.09776520576859025,0.07444661011944828,0.010182324937677673,0.07444661011944828,0.03769068718722021,0.11400168528966025,0.07444661011944828,0.02306733931413133,0.07444661011944828,0.036084070694665495,0.0508519564816333,0.07444661011944828,0.005823170270045495,0.07444661011944828,0.030396424942691368,0.0584412237565776,0.07444661011944828,0.005477023977174844,0.07444661011944828,0.021680534929346122,0.0666954540694646,0.07444661011944828,0.007432487991388293,0.07444661011944828,0.041745142025063305,0.12049409615358041,0.07444661011944828,0.013085932703644545,0.07444661011944828,0.04357920974318732,0.15046868344341927,0.07444661011944828,0.014238771096339435,0.07444661011944828,0.1564054576091165,0.3227180745922876,0.07444661011944828,0.04591344681308918,0.07444661011944828,0.03071931612147503,0.18892921237390925,0.07444661011944828,0.019618521066180696,0.07444661011944828,0.0602020620829278,0.1264533909459064,0.07444661011944828,0.01516543444509598,0.07444661011944828,0.04601625478596178,0.1254996907428479,0.07444661011944828,0.01410935768561243,0.07444661011944828,0.049115121128844086,0.13432645610469746,0.07444661011944828,0.012106260345941321,0.07444661011944828,0.05598919165870126,0.19392338193750663,0.07444661011944828,0.018443759298195073,0.07444661011944828,0.05839371848750285,0.10325298544736684,0.07444661011944828,0.01150823351010691,0.07444661011944828,0.07800075445960908,0.1208923694159087,0.07444661011944828,0.013169999198639877,0.07444661011944828,0.05026903804339972,0.10162755218841726,0.07444661011944828,0.009089672968782688,0.07444661011944828,0.03891579599013152,0.12510332012559688,0.07444661011944828,0.01280021209712605,0.07444661011944828,0.056399690650705374,0.11701332883352138,0.07444661011944828,0.010171656198373015,0.07444661011944828,0.04277706064638044,0.11061655480716362,0.07444661011944828,0.016641990168543546,0.07444661011944828,0.07185707550089598,0.1606447866125676,0.07444661011944828,0.01988177015193871,0.07444661011944828
Fabricated metal products,Lead,0.0,0.0019583635483053246,0.0005999341722693368,0.0,0.0005999341722693368,0.0,0.0026500568177498934,0.0005999341722693368,0.0,0.0005999341722693368,0.0,0.0027500014782403112,0.0005999341722693368,0.0,0.0005999341722693368,0.0,0.0024425749336041123,0.0005999341722693368,0.0,0.0005999341722693368,0.0,0.0033245840439753865,0.0005999341722693368,0.0,0.0005999341722693368,0.0,0.002057745931905783,0.0005999341722693368,0.0,0.0005999341722693368,0.0,0.00192914934467395,0.0005999341722693368,0.0,0.0005999341722693368,0.0,0.0011304537517698898,0.0005999341722693368,0.0,0.0005999341722693368,0.0,0.0018724659441943924,0.0005999341722693368,0.0,0.0005999341722693368,0.0,0.0006920088377693277,0.0005999341722693368,0.0,0.0005999341722693368,0.0,0.0007468690845283171,0.0005999341722693368,0.0,0.0005999341722693368,0.0,0.0006632658334574287,0.0005999341722693368,0.0,0.0005999341722693368,0.0,0.002002696327514615,0.0005999341722693368,0.0,0.0005999341722693368,0.0,0.0023578714568227104,0.0005999341722693368,0.0,0.0005999341722693368,0.0,0.0021527504195362986,0.0005999341722693368,0.0,0.0005999341722693368,0.0,0.002556573141345428,0.0005999341722693368,0.0,0.0005999341722693368,0.0,0.001904504207581141,0.0005999341722693368,0.0,0.0005999341722693368,0.0,0.0013393916232186727,0.0005999341722693368,0.0,0.0005999341722693368,0.0,0.001428179484094266,0.0005999341722693368,0.0,0.0005999341722693368,0.0,0.0023744752342616604,0.0005999341722693368,0.0,0.0005999341722693368,0.0,0.0018621157697769185,0.0005999341722693368,0.0,0.0005999341722693368,0.0,0.0014501435976806993,0.0005999341722693368,0.0,0.0005999341722693368,0.0,0.001411659443019383,0.0005999341722693368,0.0,0.0005999341722693368,0.0,0.0013464367103003707,0.0005999341722693368,0.0,0.0005999341722693368,0.0,0.0012144913076875949,0.0005999341722693368,0.0,0.0005999341722693368,0.0,0.0010088111491804263,0.0005999341722693368,0.0,0.0005999341722693368,0.0,0.0019670285316219778,0.0005999341722693368,0.0,0.0005999341722693368
Fabricated metal products,Other metals,0.0,0.0005445987912531794,0.00015064963257234627,0.0,0.00015064963257234627,0.0,0.0007660438293984326,0.00015064963257234627,0.0,0.00015064963257234627,0.0,0.0007401249051973271,0.00015064963257234627,0.0,0.00015064963257234627,0.0,0.0005951636864102289,0.00015064963257234627,0.0,0.00015064963257234627,0.0,0.0009547501321439898,0.00015064963257234627,0.0,0.00015064963257234627,0.0,0.00044661911690872385,0.00015064963257234627,0.0,0.00015064963257234627,0.0,0.00040774580156969917,0.00015064963257234627,0.0,0.00015064963257234627,0.0,0.0003904380519925127,0.00015064963257234627,0.0,0.00015064963257234627,0.0,0.0003407981566910685,0.00015064963257234627,0.0,0.00015064963257234627,0.0,0.00037321485553894255,0.00015064963257234627,0.0,0.00015064963257234627,0.0,0.00015781728198943203,0.00015064963257234627,0.0,0.00015064963257234627,0.0,0.0006085347223124929,0.00015064963257234627,0.0,0.00015064963257234627,0.0,0.00041399261648901307,0.00015064963257234627,0.0,0.00015064963257234627,0.0,0.0007423812320540718,0.00015064963257234627,0.0,0.00015064963257234627,0.0,0.0006098692084750241,0.00015064963257234627,0.0,0.00015064963257234627,0.0,0.0002526699255902553,0.00015064963257234627,0.0,0.00015064963257234627,0.0,0.0001871052489374596,0.00015064963257234627,0.0,0.00015064963257234627,0.0,0.00017826655032468977,0.00015064963257234627,0.0,0.00015064963257234627,0.0,0.0003272899184386586,0.00015064963257234627,0.0,0.00015064963257234627,0.0,0.0005555390580749814,0.00015064963257234627,0.0,0.00015064963257234627,0.0,0.0003230441949192152,0.00015064963257234627,0.0,0.00015064963257234627,0.0,0.0005478204222555832,0.00015064963257234627,0.0,0.00015064963257234627,0.0,0.0003109854546678725,0.00015064963257234627,0.0,0.00015064963257234627,0.0,0.0004129944572809736,0.00015064963257234627,0.0,0.00015064963257234627,0.0,0.0004177147558143015,0.00015064963257234627,0.0,0.00015064963257234627,0.0,0.00024821263383046304,0.00015064963257234627,0.0,0.00015064963257234627,0.0,0.00034888522980145397,0.00015064963257234627,0.0,0.00015064963257234627
Fabricated metal products,Steel,0.9210930125030664,0.7722401447304924,0.8925804261103024,0.958688674348889,0.8925804261103024,0.901611438976663,0.7422331754906114,0.8925804261103024,0.9720628029757182,0.8925804261103024,0.8375074458452421,0.6707380256376457,0.8925804261103024,0.9620422455459106,0.8925804261103024,0.8516578359574901,0.6806366455106564,0.8925804261103024,0.962850393970137,0.8925804261103024,0.8562087139950745,0.6355011518740721,0.8925804261103024,0.9598112300322865,0.8925804261103024,0.9227490060096489,0.7634524962732558,0.8925804261103024,0.9784704442007733,0.8925804261103024,0.9201670534874681,0.787384728392659,0.8925804261103024,0.9737467585324859,0.8925804261103024,0.9280336742210016,0.8578748828898575,0.8925804261103024,0.9873219179239281,0.8925804261103024,0.9403620688636064,0.8233226591848535,0.8925804261103024,0.9701620858117901,0.8925804261103024,0.9574046863887851,0.9185202030473354,0.8925804261103024,0.9922339179025601,0.8925804261103024,0.9659047844491796,0.9089145410282371,0.8925804261103024,0.9928977216089837,0.8925804261103024,0.9695515150345193,0.9105836099347318,0.8925804261103024,0.9911797238709174,0.8925804261103024,0.9248558177061594,0.7794507727707259,0.8925804261103024,0.9810724723375578,0.8925804261103024,0.9214256186383217,0.7446548524291824,0.8925804261103024,0.9804869511270431,0.8925804261103024,0.8130165846976823,0.6155464983058468,0.8925804261103024,0.9494234755511599,0.8925804261103024,0.9473312679163257,0.7356585739925424,0.8925804261103024,0.9763599260538953,0.8925804261103024,0.9023565418573953,0.7895603206067028,0.8925804261103024,0.9797069593724805,0.8925804261103024,0.9405827246182926,0.8403373976707653,0.8925804261103024,0.9839040177430516,0.8925804261103024,0.920250021665387,0.7832002942480825,0.8925804261103024,0.983894296709458,0.8925804261103024,0.9218050873799291,0.7315867301521596,0.8925804261103024,0.9778132006859157,0.8925804261103024,0.9066832887181177,0.8255461045292064,0.8925804261103024,0.9842375073168567,0.8925804261103024,0.9135900310184227,0.8112372190926731,0.8925804261103024,0.9828182650395563,0.8925804261103024,0.9470999034864456,0.8712566461828554,0.8925804261103024,0.9896639775389608,0.8925804261103024,0.9367068425484261,0.8016307577045239,0.8925804261103024,0.9831945340539712,0.8925804261103024,0.9324897571546417,0.8196312525991778,0.8925804261103024,0.9868537049226787,0.8925804261103024,0.9253030995617454,0.831723065738198,0.8925804261103024,0.9785037100942001,0.8925804261103024,0.885227311422713,0.7422675431796809,0.8925804261103024,0.9739481723448488,0.8925804261103024
"Mining and quarrying, non-energy producing products",Sand and clay,1.0,1.0,1.0,1.0,1.0,1.0,1.0,1.0,1.0,1.0,1.0,1.0,1.0,1.0,1.0,1.0,1.0,1.0,1.0,1.0,1.0,1.0,1.0,1.0,1.0,1.0,1.0,1.0,1.0,1.0,1.0,1.0,1.0,1.0,1.0,1.0,1.0,1.0,1.0,1.0,1.0,1.0,1.0,1.0,1.0,1.0,1.0,1.0,1.0,1.0,1.0,1.0,1.0,1.0,1.0,1.0,1.0,1.0,1.0,1.0,1.0,1.0,1.0,1.0,1.0,1.0,1.0,1.0,1.0,1.0,1.0,1.0,1.0,1.0,1.0,1.0,1.0,1.0,1.0,1.0,1.0,1.0,1.0,1.0,1.0,1.0,1.0,1.0,1.0,1.0,1.0,1.0,1.0,1.0,1.0,1.0,1.0,1.0,1.0,1.0,1.0,1.0,1.0,1.0,1.0,1.0,1.0,1.0,1.0,1.0,1.0,1.0,1.0,1.0,1.0,1.0,1.0,1.0,1.0,1.0,1.0,1.0,1.0,1.0,1.0,1.0,1.0,1.0,1.0,1.0,1.0,1.0,1.0,1.0,1.0
Other non-metallic mineral products,Asphalt concrete,0.0,0.0,0.25,0.0,1.0,0.0,0.0,0.25,0.0,1.0,0.0,0.0,0.25,0.0,1.0,0.0,0.0,0.25,0.0,1.0,0.0,0.0,0.25,0.0,1.0,0.0,0.0,0.25,0.0,1.0,0.0,0.0,0.25,0.0,1.0,0.0,0.0,0.25,0.0,1.0,0.0,0.0,0.25,0.0,1.0,0.0,0.0,0.25,0.0,1.0,0.0,0.0,0.25,0.0,1.0,0.0,0.0,0.25,0.0,1.0,0.0,0.0,0.25,0.0,1.0,0.0,0.0,0.25,0.0,1.0,0.0,0.0,0.25,0.0,1.0,0.0,0.0,0.25,0.0,1.0,0.0,0.0,0.25,0.0,1.0,0.0,0.0,0.25,0.0,1.0,0.0,0.0,0.25,0.0,1.0,0.0,0.0,0.25,0.0,1.0,0.0,0.0,0.25,0.0,1.0,0.0,0.0,0.25,0.0,1.0,0.0,0.0,0.25,0.0,1.0,0.0,0.0,0.25,0.0,1.0,0.0,0.0,0.25,0.0,1.0,0.0,0.0,0.25,0.0,1.0,0.0,0.0,0.25,0.0,1.0
Other non-metallic mineral products,Bricks,0.21478208566579868,0.0,0.06328626059533617,0.0,0.0,0.33328348742937663,0.0,0.06328626059533617,0.0,0.0,0.47025972570209834,0.0,0.06328626059533617,0.0,0.0,0.5124756513848642,0.0,0.06328626059533617,0.0,0.0,0.13654371761402218,0.0,0.06328626059533617,0.0,0.0,0.10493835696670974,0.0,0.06328626059533617,0.0,0.0,0.12450688253233985,0.0,0.06328626059533617,0.0,0.0,0.1479413818201509,0.0,0.06328626059533617,0.0,0.0,0.18058060370602,0.0,0.06328626059533617,0.0,0.0,0.06031674262881215,0.0,0.06328626059533617,0.0,0.0,0.08081884452195494,0.0,0.06328626059533617,0.0,0.0,0.1531599080128057,0.0,0.06328626059533617,0.0,0.0,0.3637585175775748,0.0,0.06328626059533617,0.0,0.0,0.12773135458903737,0.0,0.06328626059533617,0.0,0.0,0.5821994908855657,0.0,0.06328626059533617,0.0,0.0,0.10475401474875363,0.0,0.06328626059533617,0.0,0.0,0.1055068702345384,0.0,0.06328626059533617,0.0,0.0,0.1362442707275262,0.0,0.06328626059533617,0.0,0.0,0.44725155214980483,0.0,0.06328626059533617,0.0,0.0,0.11114807393622393,0.0,0.06328626059533617,0.0,0.0,0.33201034191322754,0.0,0.06328626059533617,0.0,0.0,0.1474280333924497,0.0,0.06328626059533617,0.0,0.0,0.2515729530773487,0.0,0.06328626059533617,0.0,0.0,0.6516550426621007,0.0,0.06328626059533617,0.0,0.0,0.08525761203253462,0.0,0.06328626059533617,0.0,0.0,0.4877465858529121,0.0,0.06328626059533617,0.0,0.0,0.38104404253175356,0.0,0.06328626059533617,0.0,0.0
Other non-metallic mineral products,Concrete,0.5419542389860117,0.9274547337311675,0.653322144341488,1.0,0.0,0.45475002482050664,0.9562326844225372,0.653322144341488,1.0,0.0,0.4386710705927864,0.9846620133175314,0.653322144341488,1.0,0.0,0.45498813481002337,0.996220304997186,0.653322144341488,1.0,0.0,0.6910339123117065,0.9669942181984758,0.653322144341488,1.0,0.0,0.7453261359276417,0.9806109722558405,0.653322144341488,1.0,0.0,0.7516760048749378,0.9788248722692091,0.653322144341488,1.0,0.0,0.6745126327532535,0.9820875458202445,0.653322144341488,1.0,0.0,0.7111166181000643,0.9951143951915756,0.653322144341488,1.0,0.0,0.8430889463402462,0.9923147274043792,0.653322144341488,1.0,0.0,0.7960935019182888,0.9912710321625008,0.653322144341488,1.0,0.0,0.7349832297004254,0.9851691218995614,0.653322144341488,1.0,0.0,0.5772767769455804,0.9960333626053424,0.653322144341488,1.0,0.0,0.7629849448695485,0.9868772321709175,0.653322144341488,1.0,0.0,0.3429987236993994,0.9896034686025104,0.653322144341488,1.0,0.0,0.7764415360440937,0.9892799442667917,0.653322144341488,1.0,0.0,0.7439508089868816,0.9702356273124856,0.653322144341488,1.0,0.0,0.7323920274842715,0.9935046695231092,0.653322144341488,1.0,0.0,0.49021979121305137,0.9908064857380151,0.653322144341488,1.0,0.0,0.7626638346653024,0.986905800621735,0.653322144341488,1.0,0.0,0.5656835281260876,0.990930064530391,0.653322144341488,1.0,0.0,0.7254127813968573,0.9924891514353307,0.653322144341488,1.0,0.0,0.553630415402761,0.9891852991772436,0.653322144341488,1.0,0.0,0.3052078446737703,0.9709817521741566,0.653322144341488,1.0,0.0,0.8211677740702117,0.9903569871851015,0.653322144341488,1.0,0.0,0.44232714193153955,0.9940073669816657,0.653322144341488,1.0,0.0,0.565589662712866,0.9844957115275865,0.653322144341488,1.0,0.0
Other non-metallic mineral products,Glass,0.19287965643828014,0.07254526626883247,0.01856256288351203,0.0,0.0,0.16548958120864093,0.04376731557746291,0.01856256288351203,0.0,0.0,0.03587672246234012,0.015337986682468576,0.01856256288351203,0.0,0.0,0.008294110221601534,0.003779695002814128,0.01856256288351203,0.0,0.0,0.10527453442044285,0.033005781801524324,0.01856256288351203,0.0,0.0,0.07557794703123565,0.019389027744159505,0.01856256288351203,0.0,0.0,0.07410845262235126,0.021175127730790916,0.01856256288351203,0.0,0.0,0.07954771493574635,0.017912454179755545,0.01856256288351203,0.0,0.0,0.054606752971430195,0.004885604808424453,0.01856256288351203,0.0,0.0,0.032894846473044435,0.0076852725956208815,0.01856256288351203,0.0,0.0,0.03719316453279917,0.008728967837499232,0.01856256288351203,0.0,0.0,0.0692887214733803,0.014830878100438606,0.01856256288351203,0.0,0.0,0.012917867898910512,0.00396663739465761,0.01856256288351203,0.0,0.0,0.05911867637373613,0.013122767829082529,0.01856256288351203,0.0,0.0,0.022199816264053845,0.010396531397489653,0.01856256288351203,0.0,0.0,0.07743883769920022,0.010720055733208278,0.01856256288351203,0.0,0.0,0.0688305476058766,0.02976437268751441,0.01856256288351203,0.0,0.0,0.07781834917102037,0.006495330476890839,0.01856256288351203,0.0,0.0,0.022303663753027947,0.009193514261984847,0.01856256288351203,0.0,0.0,0.05601623283288429,0.01309419937826504,0.01856256288351203,0.0,0.0,0.046410369617130486,0.009069935469608981,0.01856256288351203,0.0,0.0,0.03318968158274881,0.007510848564669419,0.01856256288351203,0.0,0.0,0.0594082777255866,0.010814700822756365,0.01856256288351203,0.0,0.0,0.024083072167742598,0.02901824782584341,0.01856256288351203,0.0,0.0,0.02721336310820675,0.009643012814898542,0.01856256288351203,0.0,0.0,0.01955412955886564,0.0059926330183342515,0.01856256288351203,0.0,0.0,0.019871246791605967,0.015504288472413552,0.01856256288351203,0.0,0.0
Other non-metallic mineral products,Mortar,0.04689805325655641,0.0,0.01119607068312097,0.0,0.0,0.044311011968875595,0.0,0.01119607068312097,0.0,0.0,0.044046443078232626,0.0,0.01119607068312097,0.0,0.0,0.020531767481178576,0.0,0.01119607068312097,0.0,0.0,0.054191659524911354,0.0,0.01119607068312097,0.0,0.0,0.06627936139131158,0.0,0.01119607068312097,0.0,0.0,0.039046993477713315,0.0,0.01119607068312097,0.0,0.0,0.0531720945709912,0.0,0.01119607068312097,0.0,0.0,0.04235168754726801,0.0,0.01119607068312097,0.0,0.0,0.04216689610611917,0.0,0.01119607068312097,0.0,0.0,0.05396846122452769,0.0,0.01119607068312097,0.0,0.0,0.0352872087236145,0.0,0.01119607068312097,0.0,0.0,0.04340701376853145,0.0,0.01119607068312097,0.0,0.0,0.03952554188504902,0.0,0.01119607068312097,0.0,0.0,0.029646650665297564,0.0,0.01119607068312097,0.0,0.0,0.03699859552333736,0.0,0.01119607068312097,0.0,0.0,0.07531355792480322,0.0,0.01119607068312097,0.0,0.0,0.037125557293661744,0.0,0.01119607068312097,0.0,0.0,0.033809081768919544,0.0,0.01119607068312097,0.0,0.0,0.049142162309890935,0.0,0.01119607068312097,0.0,0.0,0.051295851118448955,0.0,0.01119607068312097,0.0,0.0,0.05445958331199115,0.0,0.01119607068312097,0.0,0.0,0.10045413300732678,0.0,0.01119607068312097,0.0,0.0,0.017936637239346666,0.0,0.01119607068312097,0.0,0.0,0.0449005858800567,0.0,0.01119607068312097,0.0,0.0,0.02093036773397168,0.0,0.01119607068312097,0.0,0.0,0.03197867599513197,0.0,0.01119607068312097,0.0,0.0
Other non-metallic mineral products,Stone,0.0034859656533530944,0.0,0.003632961496542831,0.0,0.0,0.0021658945726001576,0.0,0.003632961496542831,0.0,0.0,0.011146038164542559,0.0,0.003632961496542831,0.0,0.0,0.0037103361023322896,0.0,0.003632961496542831,0.0,0.0,0.012956176128917023,0.0,0.003632961496542831,0.0,0.0,0.007878198683101367,0.0,0.003632961496542831,0.0,0.0,0.01066166649265784,0.0,0.003632961496542831,0.0,0.0,0.0448261759198581,0.0,0.003632961496542831,0.0,0.0,0.011344337675217558,0.0,0.003632961496542831,0.0,0.0,0.021532568451777964,0.0,0.003632961496542831,0.0,0.0,0.031926027802429466,0.0,0.003632961496542831,0.0,0.0,0.007280932089774062,0.0,0.003632961496542831,0.0,0.0,0.0026398238094027487,0.0,0.003632961496542831,0.0,0.0,0.010639482282628976,0.0,0.003632961496542831,0.0,0.0,0.022955318485683565,0.0,0.003632961496542831,0.0,0.0,0.004367015984615028,0.0,0.003632961496542831,0.0,0.0,0.006398215247900135,0.0,0.003632961496542831,0.0,0.0,0.01641979532352021,0.0,0.003632961496542831,0.0,0.0,0.006415911115196298,0.0,0.003632961496542831,0.0,0.0,0.021029696255698532,0.0,0.003632961496542831,0.0,0.0,0.0045999092251053616,0.0,0.003632961496542831,0.0,0.0,0.03950992031595305,0.0,0.003632961496542831,0.0,0.0,0.03493422078697681,0.0,0.003632961496542831,0.0,0.0,0.0011174032570396898,0.0,0.003632961496542831,0.0,0.0,0.02146066490899032,0.0,0.003632961496542831,0.0,0.0,0.029441774922711075,0.0,0.003632961496542831,0.0,0.0,0.0015163719686424645,0.0,0.003632961496542831,0.0,0.0
Rubber and plastic products,Plastics,1.0,1.0,1.0,1.0,1.0,1.0,1.0,1.0,1.0,1.0,1.0,1.0,1.0,1.0,1.0,1.0,1.0,1.0,1.0,1.0,1.0,1.0,1.0,1.0,1.0,1.0,1.0,1.0,1.0,1.0,1.0,1.0,1.0,1.0,1.0,1.0,1.0,1.0,1.0,1.0,1.0,1.0,1.0,1.0,1.0,1.0,1.0,1.0,1.0,1.0,1.0,1.0,1.0,1.0,1.0,1.0,1.0,1.0,1.0,1.0,1.0,1.0,1.0,1.0,1.0,1.0,1.0,1.0,1.0,1.0,1.0,1.0,1.0,1.0,1.0,1.0,1.0,1.0,1.0,1.0,1.0,1.0,1.0,1.0,1.0,1.0,1.0,1.0,1.0,1.0,1.0,1.0,1.0,1.0,1.0,1.0,1.0,1.0,1.0,1.0,1.0,1.0,1.0,1.0,1.0,1.0,1.0,1.0,1.0,1.0,1.0,1.0,1.0,1.0,1.0,1.0,1.0,1.0,1.0,1.0,1.0,1.0,1.0,1.0,1.0,1.0,1.0,1.0,1.0,1.0,1.0,1.0,1.0,1.0,1.0
Wood and products of wood and cork,Timber,1.0,1.0,1.0,1.0,1.0,1.0,1.0,1.0,1.0,1.0,1.0,1.0,1.0,1.0,1.0,1.0,1.0,1.0,1.0,1.0,1.0,1.0,1.0,1.0,1.0,1.0,1.0,1.0,1.0,1.0,1.0,1.0,1.0,1.0,1.0,1.0,1.0,1.0,1.0,1.0,1.0,1.0,1.0,1.0,1.0,1.0,1.0,1.0,1.0,1.0,1.0,1.0,1.0,1.0,1.0,1.0,1.0,1.0,1.0,1.0,1.0,1.0,1.0,1.0,1.0,1.0,1.0,1.0,1.0,1.0,1.0,1.0,1.0,1.0,1.0,1.0,1.0,1.0,1.0,1.0,1.0,1.0,1.0,1.0,1.0,1.0,1.0,1.0,1.0,1.0,1.0,1.0,1.0,1.0,1.0,1.0,1.0,1.0,1.0,1.0,1.0,1.0,1.0,1.0,1.0,1.0,1.0,1.0,1.0,1.0,1.0,1.0,1.0,1.0,1.0,1.0,1.0,1.0,1.0,1.0,1.0,1.0,1.0,1.0,1.0,1.0,1.0,1.0,1.0,1.0,1.0,1.0,1.0,1.0,1.0
