,region,subsector,year,value
0,AUT,Buildings,2010,0.03683199932056878
1,AUT,Buildings,2011,0.03963159604050099
2,AUT,Buildings,2012,0.038232080010402715
3,AUT,Buildings,2013,0.040802326186896186
4,AUT,Buildings,2014,0.0413653447478189
5,AUT,Buildings,2015,0.03813903288523025
6,AUT,Buildings,2016,0.040571073587157204
7,AUT,Buildings,2017,0.044475825437248706
8,AUT,Buildings,2018,0.05088687722887451
9,AUT,Buildings,2019,0.05101301724914142
10,AUT,Electricity infrastructure,2010,0.0008711121868543806
11,AUT,Electricity infrastructure,2011,0.0007885189820993765
12,AUT,Electricity infrastructure,2012,0.000875816066458621
13,AUT,Electricity infrastructure,2013,0.0008413341068126706
14,AUT,Electricity infrastructure,2014,0.000864389805638546
15,AUT,Electricity infrastructure,2015,0.0014539338343427415
16,AUT,Electricity infrastructure,2016,0.0014217372277215347
17,AUT,Electricity infrastructure,2017,0.0012549644132945376
18,AUT,Electricity infrastructure,2018,0.0010842368578023328
19,AUT,Electricity infrastructure,2019,0.0011593019787490687
20,AUT,Other civil engineering,2010,0.006149387571686679
21,AUT,Other civil engineering,2011,0.0062775393477843165
22,AUT,Other civil engineering,2012,0.005891443127466503
23,AUT,Other civil engineering,2013,0.004588576293119621
24,AUT,Other civil engineering,2014,0.0039820733086967635
25,AUT,Other civil engineering,2015,0.0032332544775108343
26,AUT,Other civil engineering,2016,0.003105342926074749
27,AUT,Other civil engineering,2017,0.003501713091910901
28,AUT,Other civil engineering,2018,0.0032457313887865563
29,AUT,Other civil engineering,2019,0.00310292426318867
30,AUT,Railways,2010,0.0016658948266776458
31,AUT,Railways,2011,0.0017337520676796985
32,AUT,Railways,2012,0.0011388102759819952
33,AUT,Railways,2013,0.0011022107045187105
34,AUT,Railways,2014,0.00099215927262809
35,AUT,Railways,2015,0.000732297967271758
36,AUT,Railways,2016,0.0008356204297462908
37,AUT,Railways,2017,0.0007259451246438668
38,AUT,Railways,2018,0.0007962263833095019
39,AUT,Railways,2019,0.0006813282123118828
40,AUT,Roads,2010,0.0123541339074372
41,AUT,Roads,2011,0.01411241822161681
42,AUT,Roads,2012,0.01400716452899404
43,AUT,Roads,2013,0.015415807873045393
44,AUT,Roads,2014,0.01691399896232619
45,AUT,Roads,2015,0.0121103668265258
46,AUT,Roads,2016,0.01095985473080841
47,AUT,Roads,2017,0.011692918719385886
48,AUT,Roads,2018,0.013344012198017988
49,AUT,Roads,2019,0.013826928676354941
50,BEL,Buildings,2010,0.058332151785421615
51,BEL,Buildings,2011,0.06776520197123033
52,BEL,Buildings,2012,0.0641986094380943
53,BEL,Buildings,2013,0.0669193055470416
54,BEL,Buildings,2014,0.06898360448466574
55,BEL,Buildings,2015,0.05744662126541049
56,BEL,Buildings,2016,0.06190638059189827
57,BEL,Buildings,2017,0.06152504816221583
58,BEL,Buildings,2018,0.07157087436878704
59,BEL,Buildings,2019,0.06965941977791323
60,BEL,Electricity infrastructure,2010,0.0011257925344202798
61,BEL,Electricity infrastructure,2011,0.0015591871900159347
62,BEL,Electricity infrastructure,2012,0.0013174352684436075
63,BEL,Electricity infrastructure,2013,0.0012182177011645073
64,BEL,Electricity infrastructure,2014,0.0014928306444597058
65,BEL,Electricity infrastructure,2015,0.001308413426181946
66,BEL,Electricity infrastructure,2016,0.0011819426091653489
67,BEL,Electricity infrastructure,2017,0.003136116114308767
68,BEL,Electricity infrastructure,2018,0.002224603161945509
69,BEL,Electricity infrastructure,2019,0.004044828507582044
70,BEL,Other civil engineering,2010,0.00800713048624211
71,BEL,Other civil engineering,2011,0.008980339739131237
72,BEL,Other civil engineering,2012,0.007743206202242315
73,BEL,Other civil engineering,2013,0.008788246115634241
74,BEL,Other civil engineering,2014,0.009059899544990124
75,BEL,Other civil engineering,2015,0.009385553743798056
76,BEL,Other civil engineering,2016,0.008326844844436855
77,BEL,Other civil engineering,2017,0.010443094203004865
78,BEL,Other civil engineering,2018,0.010936183113705221
79,BEL,Other civil engineering,2019,0.012129139853205998
80,BEL,Railways,2010,0.003966910576902095
81,BEL,Railways,2011,0.004559065729993001
82,BEL,Railways,2012,0.002261346058644564
83,BEL,Railways,2013,0.0010566236631248684
84,BEL,Railways,2014,0.0008460820721687566
85,BEL,Railways,2015,0.0007445778277341144
86,BEL,Railways,2016,0.0005470357063860493
87,BEL,Railways,2017,0.00047669648153944024
88,BEL,Railways,2018,0.0004782492698759816
89,BEL,Railways,2019,0.0006747764240932998
90,BEL,Roads,2010,0.006787550642701003
91,BEL,Roads,2011,0.008015419861551973
92,BEL,Roads,2012,0.007765713093242899
93,BEL,Roads,2013,0.00731215039918146
94,BEL,Roads,2014,0.0070507596467819485
95,BEL,Roads,2015,0.005623763100813491
96,BEL,Roads,2016,0.0051797654757030605
97,BEL,Roads,2017,0.006768440735047572
98,BEL,Roads,2018,0.0076714171946044496
99,BEL,Roads,2019,0.007114048429362095
100,BGR,Buildings,2010,0.006162298753301131
101,BGR,Buildings,2011,0.005592913097656367
102,BGR,Buildings,2012,0.005034708099520624
103,BGR,Buildings,2013,0.0041177581104850655
104,BGR,Buildings,2014,0.004331674892264225
105,BGR,Buildings,2015,0.004002203532871333
106,BGR,Buildings,2016,0.0038595637931127043
107,BGR,Buildings,2017,0.004837028847203467
108,BGR,Buildings,2018,0.005780030044158377
109,BGR,Buildings,2019,0.005942631653806034
110,BGR,Electricity infrastructure,2010,0.0003498125995289014
111,BGR,Electricity infrastructure,2011,0.0004117924807735039
112,BGR,Electricity infrastructure,2012,0.0006935423556092973
113,BGR,Electricity infrastructure,2013,0.00021458175170031125
114,BGR,Electricity infrastructure,2014,0.00018875830492236494
115,BGR,Electricity infrastructure,2015,0.00019878407416728546
116,BGR,Electricity infrastructure,2016,0.0002062902682398821
117,BGR,Electricity infrastructure,2017,0.00020808965959158706
118,BGR,Electricity infrastructure,2018,0.00025450745875895986
119,BGR,Electricity infrastructure,2019,0.0002836639224367479
120,BGR,Other civil engineering,2010,0.001664921407037823
121,BGR,Other civil engineering,2011,0.001647788539740147
122,BGR,Other civil engineering,2012,0.0013303693601777057
123,BGR,Other civil engineering,2013,0.0015576808263831421
124,BGR,Other civil engineering,2014,0.0028326553765830485
125,BGR,Other civil engineering,2015,0.0024494819601485343
126,BGR,Other civil engineering,2016,0.000950408735819458
127,BGR,Other civil engineering,2017,0.001072047637448051
128,BGR,Other civil engineering,2018,0.0009983017420787858
129,BGR,Other civil engineering,2019,0.0011714951601933241
130,BGR,Railways,2010,0.0003042540281352394
131,BGR,Railways,2011,0.0005064253776240734
132,BGR,Railways,2012,0.00045481972175403265
133,BGR,Railways,2013,0.00041296015945435497
134,BGR,Railways,2014,0.0003435770327130989
135,BGR,Railways,2015,0.0003870183703899391
136,BGR,Railways,2016,0.0002688485154010392
137,BGR,Railways,2017,0.00023435598703421193
138,BGR,Railways,2018,0.0002915659577217625
139,BGR,Railways,2019,0.00020883199349056388
140,BGR,Roads,2010,0.002109732758693803
141,BGR,Roads,2011,0.002713268059931008
142,BGR,Roads,2012,0.002628842742124838
143,BGR,Roads,2013,0.0024269227545719464
144,BGR,Roads,2014,0.0025614436991073606
145,BGR,Roads,2015,0.0031320111909255077
146,BGR,Roads,2016,0.0017209569150864554
147,BGR,Roads,2017,0.0018988178571625418
148,BGR,Roads,2018,0.0026995743652785155
149,BGR,Roads,2019,0.0027293991551462283
150,CYP,Buildings,2010,0.0046720781032930665
151,CYP,Buildings,2011,0.004098154183592875
152,CYP,Buildings,2012,0.003055314768478437
153,CYP,Buildings,2013,0.0022426405461542496
154,CYP,Buildings,2014,0.0020874562130071554
155,CYP,Buildings,2015,0.00192564501224407
156,CYP,Buildings,2016,0.0022865891682147636
157,CYP,Buildings,2017,0.0031059991242489535
158,CYP,Buildings,2018,0.0035557437225468853
159,CYP,Buildings,2019,0.0037919580421885667
160,CYP,Electricity infrastructure,2010,1.9492147892638236e-05
161,CYP,Electricity infrastructure,2011,1.0049056666697406e-05
162,CYP,Electricity infrastructure,2012,4.8291540264577015e-05
163,CYP,Electricity infrastructure,2013,1.683383228973151e-05
164,CYP,Electricity infrastructure,2014,1.6277972697047924e-05
165,CYP,Electricity infrastructure,2015,1.6197168586380435e-05
166,CYP,Electricity infrastructure,2016,1.659608301307368e-05
167,CYP,Electricity infrastructure,2017,2.0967590847765e-05
168,CYP,Electricity infrastructure,2018,1.8563902952425837e-05
169,CYP,Electricity infrastructure,2019,1.5016193233802743e-05
170,CYP,Other civil engineering,2010,0.0002263159118154146
171,CYP,Other civil engineering,2011,0.00031207903759355364
172,CYP,Other civil engineering,2012,0.0002832753756824303
173,CYP,Other civil engineering,2013,0.00035893471293327783
174,CYP,Other civil engineering,2014,0.0002800198874670753
175,CYP,Other civil engineering,2015,9.090247676029871e-05
176,CYP,Other civil engineering,2016,6.526728800333912e-05
177,CYP,Other civil engineering,2017,8.355973241553877e-05
178,CYP,Other civil engineering,2018,6.999278965025808e-05
179,CYP,Other civil engineering,2019,0.00011496003672436088
180,CYP,Railways,2010,0.0
181,CYP,Railways,2011,0.0
182,CYP,Railways,2012,0.0
183,CYP,Railways,2013,0.0
184,CYP,Railways,2014,0.0
185,CYP,Railways,2015,0.0
186,CYP,Railways,2016,0.0
187,CYP,Railways,2017,0.0
188,CYP,Railways,2018,0.0
189,CYP,Railways,2019,0.0
190,CYP,Roads,2010,0.0004172699624096701
191,CYP,Roads,2011,0.00042373522277908317
192,CYP,Roads,2012,0.00027155242931385464
193,CYP,Roads,2013,0.0001831146867960808
194,CYP,Roads,2014,0.00018351476362029107
195,CYP,Roads,2015,0.00014709673512121029
196,CYP,Roads,2016,0.00023617502749374348
197,CYP,Roads,2017,0.00021713105189019076
198,CYP,Roads,2018,0.0002079157130671701
199,CYP,Roads,2019,0.00020665728229143725
200,CZE,Buildings,2010,0.024385537341337787
201,CZE,Buildings,2011,0.027485450521897797
202,CZE,Buildings,2012,0.022710025129932816
203,CZE,Buildings,2013,0.02172373339952902
204,CZE,Buildings,2014,0.020784206253883414
205,CZE,Buildings,2015,0.018093974095341185
206,CZE,Buildings,2016,0.018405279705410244
207,CZE,Buildings,2017,0.02148210205352268
208,CZE,Buildings,2018,0.025933906732237482
209,CZE,Buildings,2019,0.026222578019527848
210,CZE,Electricity infrastructure,2010,0.0027012293526881472
211,CZE,Electricity infrastructure,2011,0.002361079425322381
212,CZE,Electricity infrastructure,2012,0.001242195696156148
213,CZE,Electricity infrastructure,2013,0.001893625665346551
214,CZE,Electricity infrastructure,2014,0.0008593967893785818
215,CZE,Electricity infrastructure,2015,0.001040652323126859
216,CZE,Electricity infrastructure,2016,0.0013485579743979122
217,CZE,Electricity infrastructure,2017,0.0017232424193197276
218,CZE,Electricity infrastructure,2018,0.0015578000983130678
219,CZE,Electricity infrastructure,2019,0.0010747669847239372
220,CZE,Other civil engineering,2010,0.004881486469853118
221,CZE,Other civil engineering,2011,0.0038896855021117844
222,CZE,Other civil engineering,2012,0.004860634579795046
223,CZE,Other civil engineering,2013,0.004138753723530655
224,CZE,Other civil engineering,2014,0.004729825559111278
225,CZE,Other civil engineering,2015,0.0032492365833636603
226,CZE,Other civil engineering,2016,0.0023601098119133703
227,CZE,Other civil engineering,2017,0.0034796375967972607
228,CZE,Other civil engineering,2018,0.0034435827398372853
229,CZE,Other civil engineering,2019,0.0063312544786479135
230,CZE,Railways,2010,0.0009957781252179522
231,CZE,Railways,2011,0.0021835794887219897
232,CZE,Railways,2012,0.0009678637520596877
233,CZE,Railways,2013,0.0011555260125175027
234,CZE,Railways,2014,0.0016380331077291384
235,CZE,Railways,2015,0.0013691152570208165
236,CZE,Railways,2016,0.0013367374871432565
237,CZE,Railways,2017,0.000896522376066317
238,CZE,Railways,2018,0.0019489824751701356
239,CZE,Railways,2019,0.0011888389521490094
240,CZE,Roads,2010,0.011051467513149291
241,CZE,Roads,2011,0.009499891422364647
242,CZE,Roads,2012,0.007726616729285197
243,CZE,Roads,2013,0.0071022455416488595
244,CZE,Roads,2014,0.007067360912070185
245,CZE,Roads,2015,0.008015229010495476
246,CZE,Roads,2016,0.0071410711272522145
247,CZE,Roads,2017,0.0066520067177034126
248,CZE,Roads,2018,0.008210317303186726
249,CZE,Roads,2019,0.006860623162083786
250,DEU,Buildings,2010,0.22898107370536888
251,DEU,Buildings,2011,0.26035249799491167
252,DEU,Buildings,2012,0.2518856098153064
253,DEU,Buildings,2013,0.26994862458169255
254,DEU,Buildings,2014,0.2854896615803939
255,DEU,Buildings,2015,0.24286578677883966
256,DEU,Buildings,2016,0.25110933210174774
257,DEU,Buildings,2017,0.2649434843715984
258,DEU,Buildings,2018,0.3053959480648158
259,DEU,Buildings,2019,0.3164423975851571
260,DEU,Electricity infrastructure,2010,0.0037872862962521877
261,DEU,Electricity infrastructure,2011,0.0045264339232568675
262,DEU,Electricity infrastructure,2012,0.005119799538021979
263,DEU,Electricity infrastructure,2013,0.004521868314747976
264,DEU,Electricity infrastructure,2014,0.005031745712017847
265,DEU,Electricity infrastructure,2015,0.004379529535423266
266,DEU,Electricity infrastructure,2016,0.005286008231331232
267,DEU,Electricity infrastructure,2017,0.005338773906342955
268,DEU,Electricity infrastructure,2018,0.006553857213476022
269,DEU,Electricity infrastructure,2019,0.007177264119035716
270,DEU,Other civil engineering,2010,0.030702574055337058
271,DEU,Other civil engineering,2011,0.035883307458748105
272,DEU,Other civil engineering,2012,0.03298462074348254
273,DEU,Other civil engineering,2013,0.033377969634014196
274,DEU,Other civil engineering,2014,0.034330410495507495
275,DEU,Other civil engineering,2015,0.029292447601416
276,DEU,Other civil engineering,2016,0.03315156803592203
277,DEU,Other civil engineering,2017,0.0362198428904078
278,DEU,Other civil engineering,2018,0.03936201330189973
279,DEU,Other civil engineering,2019,0.04272544031043694
280,DEU,Railways,2010,0.008005942954620258
281,DEU,Railways,2011,0.007812360257675033
282,DEU,Railways,2012,0.006224178471857671
283,DEU,Railways,2013,0.006623282012089569
284,DEU,Railways,2014,0.005881399574934683
285,DEU,Railways,2015,0.004437520546129023
286,DEU,Railways,2016,0.00517355670226497
287,DEU,Railways,2017,0.00559000578374961
288,DEU,Railways,2018,0.005540959248553416
289,DEU,Railways,2019,0.005342546263839943
290,DEU,Roads,2010,0.04134979357838451
291,DEU,Roads,2011,0.0464028864242402
292,DEU,Roads,2012,0.04186976267306634
293,DEU,Roads,2013,0.04017489487116061
294,DEU,Roads,2014,0.04075847802236697
295,DEU,Roads,2015,0.03408962109457101
296,DEU,Roads,2016,0.03594471315638398
297,DEU,Roads,2017,0.041085300628463155
298,DEU,Roads,2018,0.04603615174207199
299,DEU,Roads,2019,0.04656884345855734
300,DNK,Buildings,2010,0.028196687431250027
301,DNK,Buildings,2011,0.031203432592266135
302,DNK,Buildings,2012,0.028571931925260672
303,DNK,Buildings,2013,0.02893318779790876
304,DNK,Buildings,2014,0.02875762638363075
305,DNK,Buildings,2015,0.026959990074171603
306,DNK,Buildings,2016,0.030257446838726276
307,DNK,Buildings,2017,0.03418127237379981
308,DNK,Buildings,2018,0.04113024396025153
309,DNK,Buildings,2019,0.03663915379683487
310,DNK,Electricity infrastructure,2010,0.0005634399156438428
311,DNK,Electricity infrastructure,2011,0.0005723252864256519
312,DNK,Electricity infrastructure,2012,0.0005108717632659286
313,DNK,Electricity infrastructure,2013,0.0005404699449876768
314,DNK,Electricity infrastructure,2014,0.0006084816175636821
315,DNK,Electricity infrastructure,2015,0.0005937199290887055
316,DNK,Electricity infrastructure,2016,0.0005545193925099262
317,DNK,Electricity infrastructure,2017,0.0005125901797925517
318,DNK,Electricity infrastructure,2018,0.0006501854767308766
319,DNK,Electricity infrastructure,2019,0.0006505582134751434
320,DNK,Other civil engineering,2010,0.002515726301151014
321,DNK,Other civil engineering,2011,0.0034432675308121085
322,DNK,Other civil engineering,2012,0.0039206635988872935
323,DNK,Other civil engineering,2013,0.004416469554638449
324,DNK,Other civil engineering,2014,0.0048822471293120525
325,DNK,Other civil engineering,2015,0.00432499166407923
326,DNK,Other civil engineering,2016,0.004420840020447954
327,DNK,Other civil engineering,2017,0.004666390482904384
328,DNK,Other civil engineering,2018,0.0055023189945665905
329,DNK,Other civil engineering,2019,0.005053351091319513
330,DNK,Railways,2010,0.0007574592137777653
331,DNK,Railways,2011,0.0007694042424838438
332,DNK,Railways,2012,0.0006867893335219053
333,DNK,Railways,2013,0.0007265795841479848
334,DNK,Railways,2014,0.0013937673620716157
335,DNK,Railways,2015,0.0016185455370009985
336,DNK,Railways,2016,0.001804935701310202
337,DNK,Railways,2017,0.0013088051623764113
338,DNK,Railways,2018,0.0015733166286213593
339,DNK,Railways,2019,0.0013921711770266112
340,DNK,Roads,2010,0.0019419259246511457
341,DNK,Roads,2011,0.0019725498321739522
342,DNK,Roads,2012,0.0017607469646957988
343,DNK,Roads,2013,0.0018627586873518221
344,DNK,Roads,2014,0.002125393706389885
345,DNK,Roads,2015,0.0020855469373940593
346,DNK,Roads,2016,0.0021839058836795296
347,DNK,Roads,2017,0.0019898567157930385
348,DNK,Roads,2018,0.0021076122469781433
349,DNK,Roads,2019,0.0019355542290284535
350,ESP,Buildings,2010,0.21336563292175723
351,ESP,Buildings,2011,0.17779762722362405
352,ESP,Buildings,2012,0.1359090811982718
353,ESP,Buildings,2013,0.11985259964753825
354,ESP,Buildings,2014,0.12543214986862786
355,ESP,Buildings,2015,0.09869249334417024
356,ESP,Buildings,2016,0.10953281726319071
357,ESP,Buildings,2017,0.12262278838964939
358,ESP,Buildings,2018,0.14359448458733137
359,ESP,Buildings,2019,0.14289926820139098
360,ESP,Electricity infrastructure,2010,0.00585462915756864
361,ESP,Electricity infrastructure,2011,0.007097035653034441
362,ESP,Electricity infrastructure,2012,0.006583873988451069
363,ESP,Electricity infrastructure,2013,0.006832828437068865
364,ESP,Electricity infrastructure,2014,0.00773459629631266
365,ESP,Electricity infrastructure,2015,0.006278497210275039
366,ESP,Electricity infrastructure,2016,0.004293860338144364
367,ESP,Electricity infrastructure,2017,0.00539344044254722
368,ESP,Electricity infrastructure,2018,0.006055645617532186
369,ESP,Electricity infrastructure,2019,0.00643850474787934
370,ESP,Other civil engineering,2010,0.010564563967974925
371,ESP,Other civil engineering,2011,0.009047412533208931
372,ESP,Other civil engineering,2012,0.0073026239370957684
373,ESP,Other civil engineering,2013,0.007260169330325062
374,ESP,Other civil engineering,2014,0.007223770828286592
375,ESP,Other civil engineering,2015,0.008142132425045395
376,ESP,Other civil engineering,2016,0.004828607227095869
377,ESP,Other civil engineering,2017,0.0073474739393870935
378,ESP,Other civil engineering,2018,0.005718269342133096
379,ESP,Other civil engineering,2019,0.009597778044122724
380,ESP,Railways,2010,0.008326597744923407
381,ESP,Railways,2011,0.008757493056805461
382,ESP,Railways,2012,0.006728736797853534
383,ESP,Railways,2013,0.006612204058414781
384,ESP,Railways,2014,0.0056850146948695165
385,ESP,Railways,2015,0.0076648919906393085
386,ESP,Railways,2016,0.009335176179129379
387,ESP,Railways,2017,0.005989827228012565
388,ESP,Railways,2018,0.004706031769971245
389,ESP,Railways,2019,0.002096936540077122
390,ESP,Roads,2010,0.021156329873713787
391,ESP,Roads,2011,0.02032503851481705
392,ESP,Roads,2012,0.014168879065595809
393,ESP,Roads,2013,0.01608312183446396
394,ESP,Roads,2014,0.013755110987611337
395,ESP,Roads,2015,0.017918928098517965
396,ESP,Roads,2016,0.012575233170458687
397,ESP,Roads,2017,0.015812703612690746
398,ESP,Roads,2018,0.016573556696269042
399,ESP,Roads,2019,0.02205630036439881
400,EST,Buildings,2010,0.0015585069544007681
401,EST,Buildings,2011,0.002261695049625935
402,EST,Buildings,2012,0.0023452618857837094
403,EST,Buildings,2013,0.002290422852942248
404,EST,Buildings,2014,0.002460482056709102
405,EST,Buildings,2015,0.0019934222077890042
406,EST,Buildings,2016,0.002262686399765248
407,EST,Buildings,2017,0.0027427435600662037
408,EST,Buildings,2018,0.0035373723831188734
409,EST,Buildings,2019,0.0035192687765223133
410,EST,Electricity infrastructure,2010,0.00028991507543519977
411,EST,Electricity infrastructure,2011,0.00028335895375697373
412,EST,Electricity infrastructure,2012,0.0002377733131187589
413,EST,Electricity infrastructure,2013,0.00025299643801278486
414,EST,Electricity infrastructure,2014,0.0002512288524117563
415,EST,Electricity infrastructure,2015,0.00026275269096977797
416,EST,Electricity infrastructure,2016,0.00021122099072471993
417,EST,Electricity infrastructure,2017,0.00024477488980381923
418,EST,Electricity infrastructure,2018,0.0002968721559516809
419,EST,Electricity infrastructure,2019,0.00027794171171780494
420,EST,Other civil engineering,2010,0.00024043866418438145
421,EST,Other civil engineering,2011,0.0004710884273760493
422,EST,Other civil engineering,2012,0.00055368710711267
423,EST,Other civil engineering,2013,0.000724249175427184
424,EST,Other civil engineering,2014,0.00044024659124096394
425,EST,Other civil engineering,2015,0.0003384838981695529
426,EST,Other civil engineering,2016,0.0003367719292673854
427,EST,Other civil engineering,2017,0.0003656743414546421
428,EST,Other civil engineering,2018,0.0005101668065127398
429,EST,Other civil engineering,2019,0.0005358003822344602
430,EST,Railways,2010,5.044724217719709e-05
431,EST,Railways,2011,5.513990140014755e-05
432,EST,Railways,2012,5.1638182724803966e-05
433,EST,Railways,2013,4.608490282618534e-05
434,EST,Railways,2014,3.7169005106136166e-05
435,EST,Railways,2015,4.300164413364849e-05
436,EST,Railways,2016,5.081634782135745e-05
437,EST,Railways,2017,6.198251544385851e-05
438,EST,Railways,2018,5.843770613633015e-05
439,EST,Railways,2019,5.4711348797013114e-05
440,EST,Roads,2010,0.000518986791605224
441,EST,Roads,2011,0.000622443103653204
442,EST,Roads,2012,0.0007192920307351375
443,EST,Roads,2013,0.000806316783922208
444,EST,Roads,2014,0.0008405062523703108
445,EST,Roads,2015,0.000703931023831646
446,EST,Roads,2016,0.0007462474781914188
447,EST,Roads,2017,0.0009078170859521256
448,EST,Roads,2018,0.0009459089264391249
449,EST,Roads,2019,0.0008855917972530668
450,FIN,Buildings,2010,0.02933098207413456
451,FIN,Buildings,2011,0.03326271643646867
452,FIN,Buildings,2012,0.031522831457697735
453,FIN,Buildings,2013,0.03164763329781217
454,FIN,Buildings,2014,0.03075894084106086
455,FIN,Buildings,2015,0.02595957746851833
456,FIN,Buildings,2016,0.028279577248550816
457,FIN,Buildings,2017,0.03233599037837221
458,FIN,Buildings,2018,0.03832885383775754
459,FIN,Buildings,2019,0.03759758081418806
460,FIN,Electricity infrastructure,2010,0.0022121506187091906
461,FIN,Electricity infrastructure,2011,0.002710313260612333
462,FIN,Electricity infrastructure,2012,0.0024908306755067437
463,FIN,Electricity infrastructure,2013,0.0024814101081714855
464,FIN,Electricity infrastructure,2014,0.002552543467356692
465,FIN,Electricity infrastructure,2015,0.002649972995424721
466,FIN,Electricity infrastructure,2016,0.003201227028936634
467,FIN,Electricity infrastructure,2017,0.0032750276364179784
468,FIN,Electricity infrastructure,2018,0.0025545861895551057
469,FIN,Electricity infrastructure,2019,0.0026579350991730736
470,FIN,Other civil engineering,2010,0.001279615551809526
471,FIN,Other civil engineering,2011,0.0011883069607378424
472,FIN,Other civil engineering,2012,0.0009970735888561164
473,FIN,Other civil engineering,2013,0.0010732121169977986
474,FIN,Other civil engineering,2014,0.001184076018039016
475,FIN,Other civil engineering,2015,0.0010404970373125797
476,FIN,Other civil engineering,2016,0.0011295142764475101
477,FIN,Other civil engineering,2017,0.0012292236446464226
478,FIN,Other civil engineering,2018,0.001464373207438696
479,FIN,Other civil engineering,2019,0.0014321522823365837
480,FIN,Railways,2010,0.0007952595690778558
481,FIN,Railways,2011,0.0007831115830555691
482,FIN,Railways,2012,0.0006890170554983335
483,FIN,Railways,2013,0.0008786671602088065
484,FIN,Railways,2014,0.0007640365940381186
485,FIN,Railways,2015,0.0005801700712950251
486,FIN,Railways,2016,0.0005924355095028479
487,FIN,Railways,2017,0.0005858619809003988
488,FIN,Railways,2018,0.0007093067212215442
489,FIN,Railways,2019,0.000728112078461207
490,FIN,Roads,2010,0.003894470494230155
491,FIN,Roads,2011,0.00424743607169818
492,FIN,Roads,2012,0.004326003634919263
493,FIN,Roads,2013,0.0042671379672959255
494,FIN,Roads,2014,0.003991065688179606
495,FIN,Roads,2015,0.003431508809372542
496,FIN,Roads,2016,0.0036163802385261825
497,FIN,Roads,2017,0.0031901855828423966
498,FIN,Roads,2018,0.002590336893757312
499,FIN,Roads,2019,0.002537015523388269
500,FRA,Buildings,2010,0.259060291647018
501,FRA,Buildings,2011,0.2864637833472321
502,FRA,Buildings,2012,0.27179423956591775
503,FRA,Buildings,2013,0.28261918501885225
504,FRA,Buildings,2014,0.2754580581077919
505,FRA,Buildings,2015,0.23536825203262182
506,FRA,Buildings,2016,0.23884531889361393
507,FRA,Buildings,2017,0.24019495720879888
508,FRA,Buildings,2018,0.2643656136299826
509,FRA,Buildings,2019,0.2718635276885668
510,FRA,Electricity infrastructure,2010,0.011013552107022262
511,FRA,Electricity infrastructure,2011,0.01282273204693778
512,FRA,Electricity infrastructure,2012,0.011068347814299462
513,FRA,Electricity infrastructure,2013,0.013214582745824183
514,FRA,Electricity infrastructure,2014,0.009044756680849425
515,FRA,Electricity infrastructure,2015,0.008249045427298249
516,FRA,Electricity infrastructure,2016,0.008502862564824878
517,FRA,Electricity infrastructure,2017,0.0070161226022076965
518,FRA,Electricity infrastructure,2018,0.007583576790852336
519,FRA,Electricity infrastructure,2019,0.00999341595663372
520,FRA,Other civil engineering,2010,0.03210875649603528
521,FRA,Other civil engineering,2011,0.03524695156106068
522,FRA,Other civil engineering,2012,0.02794678079970741
523,FRA,Other civil engineering,2013,0.029129871550145042
524,FRA,Other civil engineering,2014,0.03571231851206182
525,FRA,Other civil engineering,2015,0.02067643592737428
526,FRA,Other civil engineering,2016,0.018015194813364156
527,FRA,Other civil engineering,2017,0.018004731346473544
528,FRA,Other civil engineering,2018,0.01845280704598407
529,FRA,Other civil engineering,2019,0.016541071736478383
530,FRA,Railways,2010,0.0031226328933295967
531,FRA,Railways,2011,0.0034777115941960314
532,FRA,Railways,2012,0.003827050372918473
533,FRA,Railways,2013,0.00430093831101011
534,FRA,Railways,2014,0.002897525984771583
535,FRA,Railways,2015,0.001740848124908499
536,FRA,Railways,2016,0.0018121408683727171
537,FRA,Railways,2017,0.004099535259006533
538,FRA,Railways,2018,0.0012643230932987805
539,FRA,Railways,2019,0.0012065360413464794
540,FRA,Roads,2010,0.04574198112582083
541,FRA,Roads,2011,0.05026201713323539
542,FRA,Roads,2012,0.04373380878490783
543,FRA,Roads,2013,0.04555228990841243
544,FRA,Roads,2014,0.045278258437189196
545,FRA,Roads,2015,0.034472757323906075
546,FRA,Roads,2016,0.03420183615090231
547,FRA,Roads,2017,0.05192701372354238
548,FRA,Roads,2018,0.05964876245492619
549,FRA,Roads,2019,0.04672052383303754
550,GRC,Buildings,2010,0.021574469036166093
551,GRC,Buildings,2011,0.01765298799687135
552,GRC,Buildings,2012,0.012076830906309113
553,GRC,Buildings,2013,0.01249317763269121
554,GRC,Buildings,2014,0.007798339400730491
555,GRC,Buildings,2015,0.004770006197632522
556,GRC,Buildings,2016,0.004528559798625069
557,GRC,Buildings,2017,0.002864849026548836
558,GRC,Buildings,2018,0.0030327687205831946
559,GRC,Buildings,2019,0.0033576765075776535
560,GRC,Electricity infrastructure,2010,0.0012883526167545832
561,GRC,Electricity infrastructure,2011,0.0010947298971571236
562,GRC,Electricity infrastructure,2012,0.0005681586728089422
563,GRC,Electricity infrastructure,2013,0.0007297090840576925
564,GRC,Electricity infrastructure,2014,0.0005199819110252173
565,GRC,Electricity infrastructure,2015,0.0008045658390212933
566,GRC,Electricity infrastructure,2016,0.0005175699428636755
567,GRC,Electricity infrastructure,2017,0.0004335924084832851
568,GRC,Electricity infrastructure,2018,0.0005846793758589774
569,GRC,Electricity infrastructure,2019,0.0007841928028485768
570,GRC,Other civil engineering,2010,0.0027879011977838997
571,GRC,Other civil engineering,2011,0.0012986869097815024
572,GRC,Other civil engineering,2012,0.0011923116744829954
573,GRC,Other civil engineering,2013,0.0014599077414693285
574,GRC,Other civil engineering,2014,0.002731492763908423
575,GRC,Other civil engineering,2015,0.0020978986123274907
576,GRC,Other civil engineering,2016,0.0017004249423855896
577,GRC,Other civil engineering,2017,0.0013727810326504726
578,GRC,Other civil engineering,2018,0.0015450618160811071
579,GRC,Other civil engineering,2019,0.0009997434554457286
580,GRC,Railways,2010,0.0008406335075788
581,GRC,Railways,2011,0.0006481738015073103
582,GRC,Railways,2012,0.0006187851596039497
583,GRC,Railways,2013,0.0006442444516983499
584,GRC,Railways,2014,0.0007049233365041901
585,GRC,Railways,2015,0.0007027010371788847
586,GRC,Railways,2016,0.0010048713891618014
587,GRC,Railways,2017,0.0004966684238327776
588,GRC,Railways,2018,0.00038578196688591256
589,GRC,Railways,2019,0.00019509492803962566
590,GRC,Roads,2010,0.0033429353294570177
591,GRC,Roads,2011,0.002443568262566511
592,GRC,Roads,2012,0.003702290713087198
593,GRC,Roads,2013,0.004419412748173318
594,GRC,Roads,2014,0.003079433564041173
595,GRC,Roads,2015,0.003781162498040206
596,GRC,Roads,2016,0.0035837951352299625
597,GRC,Roads,2017,0.0026877833327700273
598,GRC,Roads,2018,0.002972944369997838
599,GRC,Roads,2019,0.0028199893830331527
600,HRV,Buildings,2010,0.0050222205486959845
601,HRV,Buildings,2011,0.004807401366250982
602,HRV,Buildings,2012,0.004067307744882499
603,HRV,Buildings,2013,0.00375255620500322
604,HRV,Buildings,2014,0.003980003708066539
605,HRV,Buildings,2015,0.0036174414514134182
606,HRV,Buildings,2016,0.0037446824004183036
607,HRV,Buildings,2017,0.004108239859694682
608,HRV,Buildings,2018,0.005114822423384919
609,HRV,Buildings,2019,0.005586282796462983
610,HRV,Electricity infrastructure,2010,0.00023572039980775686
611,HRV,Electricity infrastructure,2011,0.00026880240378952423
612,HRV,Electricity infrastructure,2012,0.0002352185900101896
613,HRV,Electricity infrastructure,2013,0.00024299886180843038
614,HRV,Electricity infrastructure,2014,0.00021536922629496427
615,HRV,Electricity infrastructure,2015,0.00029790391519412526
616,HRV,Electricity infrastructure,2016,0.0003423558954132799
617,HRV,Electricity infrastructure,2017,0.00039405417844889023
618,HRV,Electricity infrastructure,2018,0.00041570057441984927
619,HRV,Electricity infrastructure,2019,0.0005924595343959263
620,HRV,Other civil engineering,2010,0.0012381303741171407
621,HRV,Other civil engineering,2011,0.0013620913684410827
622,HRV,Other civil engineering,2012,0.001011768914092784
623,HRV,Other civil engineering,2013,0.001060341341888657
624,HRV,Other civil engineering,2014,0.0007833347078346697
625,HRV,Other civil engineering,2015,0.0005817996364124458
626,HRV,Other civil engineering,2016,0.0006622105492205566
627,HRV,Other civil engineering,2017,0.0006351577562091764
628,HRV,Other civil engineering,2018,0.0008441186942370261
629,HRV,Other civil engineering,2019,0.0010079613527067684
630,HRV,Railways,2010,3.400501409186285e-05
631,HRV,Railways,2011,3.9069266068755185e-05
632,HRV,Railways,2012,3.7788195012118295e-05
633,HRV,Railways,2013,3.550600183369901e-05
634,HRV,Railways,2014,3.2141415011050214e-05
635,HRV,Railways,2015,2.3286887420864603e-05
636,HRV,Railways,2016,2.283894082602277e-05
637,HRV,Railways,2017,2.1395270045728334e-05
638,HRV,Railways,2018,2.0604743789979983e-05
639,HRV,Railways,2019,1.7118549311382362e-05
640,HRV,Roads,2010,0.002113952258521843
641,HRV,Roads,2011,0.002078773023179043
642,HRV,Roads,2012,0.00190334088240764
643,HRV,Roads,2013,0.0019654046181813824
644,HRV,Roads,2014,0.0018323080876161055
645,HRV,Roads,2015,0.0013482108967851048
646,HRV,Roads,2016,0.001408775297142545
647,HRV,Roads,2017,0.0015457365016422117
648,HRV,Roads,2018,0.0014794397936375046
649,HRV,Roads,2019,0.001559147872094239
650,HUN,Buildings,2010,0.0066239625584740055
651,HUN,Buildings,2011,0.00672834773585159
652,HUN,Buildings,2012,0.005581933587544594
653,HUN,Buildings,2013,0.006140544513125413
654,HUN,Buildings,2014,0.006445376498781331
655,HUN,Buildings,2015,0.005769752754031774
656,HUN,Buildings,2016,0.006309580670483293
657,HUN,Buildings,2017,0.008347236021832717
658,HUN,Buildings,2018,0.010870538665194695
659,HUN,Buildings,2019,0.012520959612776482
660,HUN,Electricity infrastructure,2010,0.0009700353422385065
661,HUN,Electricity infrastructure,2011,0.0010317501553490048
662,HUN,Electricity infrastructure,2012,0.0008700608961423298
663,HUN,Electricity infrastructure,2013,0.0009471276883998062
664,HUN,Electricity infrastructure,2014,0.0006898876849140709
665,HUN,Electricity infrastructure,2015,0.0006574100127662088
666,HUN,Electricity infrastructure,2016,0.0006192667214319908
667,HUN,Electricity infrastructure,2017,0.00083242632174987
668,HUN,Electricity infrastructure,2018,0.0010789844597421804
669,HUN,Electricity infrastructure,2019,0.001110217839909145
670,HUN,Other civil engineering,2010,0.001263036507924663
671,HUN,Other civil engineering,2011,0.0014209259981853195
672,HUN,Other civil engineering,2012,0.0013208845287969373
673,HUN,Other civil engineering,2013,0.0014425126116951962
674,HUN,Other civil engineering,2014,0.001669333238865613
675,HUN,Other civil engineering,2015,0.0015130275654085265
676,HUN,Other civil engineering,2016,0.001142715669347285
677,HUN,Other civil engineering,2017,0.001319874480937816
678,HUN,Other civil engineering,2018,0.001581346389635771
679,HUN,Other civil engineering,2019,0.002227974750032709
680,HUN,Railways,2010,0.0005644994765038483
681,HUN,Railways,2011,0.0006222558740577392
682,HUN,Railways,2012,0.0005136078304865351
683,HUN,Railways,2013,0.0006628272941604237
684,HUN,Railways,2014,0.0005750897096643892
685,HUN,Railways,2015,0.0005623410395594721
686,HUN,Railways,2016,0.00047614114377032797
687,HUN,Railways,2017,0.0006262480791785004
688,HUN,Railways,2018,0.0010496183335734102
689,HUN,Railways,2019,0.0008408645580034605
690,HUN,Roads,2010,0.002766537802324176
691,HUN,Roads,2011,0.0022619607678143463
692,HUN,Roads,2012,0.001955154068716001
693,HUN,Roads,2013,0.0025632103248817597
694,HUN,Roads,2014,0.0037266280738861932
695,HUN,Roads,2015,0.0030527638653411178
696,HUN,Roads,2016,0.001883420818056501
697,HUN,Roads,2017,0.002715619280703692
698,HUN,Roads,2018,0.0040602094341221405
699,HUN,Roads,2019,0.004734277865559701
700,IRL,Buildings,2010,0.014286925402244348
701,IRL,Buildings,2011,0.012084696736755478
702,IRL,Buildings,2012,0.007428293311164015
703,IRL,Buildings,2013,0.010592564795603882
704,IRL,Buildings,2014,0.015599187649462942
705,IRL,Buildings,2015,0.014547703462705869
706,IRL,Buildings,2016,0.018764573392736714
707,IRL,Buildings,2017,0.024280190294426046
708,IRL,Buildings,2018,0.027823887952576686
709,IRL,Buildings,2019,0.027521475081502825
710,IRL,Electricity infrastructure,2010,0.0003777305375731347
711,IRL,Electricity infrastructure,2011,0.0002951942011269856
712,IRL,Electricity infrastructure,2012,0.00028193859931830275
713,IRL,Electricity infrastructure,2013,0.0003036835033984884
714,IRL,Electricity infrastructure,2014,0.00041997668550751855
715,IRL,Electricity infrastructure,2015,0.0003504280612944857
716,IRL,Electricity infrastructure,2016,0.0006774828017899067
717,IRL,Electricity infrastructure,2017,0.0007787393029366779
718,IRL,Electricity infrastructure,2018,0.000860180562750458
719,IRL,Electricity infrastructure,2019,0.0010394991106902028
720,IRL,Other civil engineering,2010,0.001090387158163407
721,IRL,Other civil engineering,2011,0.00074402490513593
722,IRL,Other civil engineering,2012,0.0009378402331699948
723,IRL,Other civil engineering,2013,0.00041122611770847567
724,IRL,Other civil engineering,2014,0.0006920795425164121
725,IRL,Other civil engineering,2015,0.0007317439651281267
726,IRL,Other civil engineering,2016,0.0010863007077309597
727,IRL,Other civil engineering,2017,0.0012939543180882378
728,IRL,Other civil engineering,2018,0.0010584808356080794
729,IRL,Other civil engineering,2019,0.001094106274273249
730,IRL,Railways,2010,3.861521779940433e-05
731,IRL,Railways,2011,3.062263910079096e-05
732,IRL,Railways,2012,4.186958937775962e-05
733,IRL,Railways,2013,3.954798573081991e-05
734,IRL,Railways,2014,3.8723179388174733e-05
735,IRL,Railways,2015,3.2307265826452614e-05
736,IRL,Railways,2016,3.144424703020593e-05
737,IRL,Railways,2017,3.0960000011526846e-05
738,IRL,Railways,2018,2.9708121870001837e-05
739,IRL,Railways,2019,3.624431900970636e-05
740,IRL,Roads,2010,0.001142074320370301
741,IRL,Roads,2011,0.0006970516890266093
742,IRL,Roads,2012,0.0010492772853153856
743,IRL,Roads,2013,0.0010322423750347349
744,IRL,Roads,2014,0.0010510018486467505
745,IRL,Roads,2015,0.0009104774914727613
746,IRL,Roads,2016,0.0009827121243582112
747,IRL,Roads,2017,0.0011675672731620065
748,IRL,Roads,2018,0.0014562981357082725
749,IRL,Roads,2019,0.001633557085063808
750,ITA,Buildings,2010,0.2813004623129442
751,ITA,Buildings,2011,0.2860739079185824
752,ITA,Buildings,2012,0.22935736229140238
753,ITA,Buildings,2013,0.21578693047483
754,ITA,Buildings,2014,0.1977544376834194
755,ITA,Buildings,2015,0.15721570321547965
756,ITA,Buildings,2016,0.15509118367281743
757,ITA,Buildings,2017,0.16141689917045907
758,ITA,Buildings,2018,0.17414915954001103
759,ITA,Buildings,2019,0.16841692017257287
760,ITA,Electricity infrastructure,2010,0.00493838766231846
761,ITA,Electricity infrastructure,2011,0.005936661534252205
762,ITA,Electricity infrastructure,2012,0.005398360578625174
763,ITA,Electricity infrastructure,2013,0.005639222393400077
764,ITA,Electricity infrastructure,2014,0.005977306645171626
765,ITA,Electricity infrastructure,2015,0.008078688157623647
766,ITA,Electricity infrastructure,2016,0.008677541103452086
767,ITA,Electricity infrastructure,2017,0.008652037731951022
768,ITA,Electricity infrastructure,2018,0.00875643012775729
769,ITA,Electricity infrastructure,2019,0.008308894809211527
770,ITA,Other civil engineering,2010,0.017289592154030163
771,ITA,Other civil engineering,2011,0.02327960545257256
772,ITA,Other civil engineering,2012,0.01934722302986717
773,ITA,Other civil engineering,2013,0.01756975305494143
774,ITA,Other civil engineering,2014,0.014931931644575451
775,ITA,Other civil engineering,2015,0.012304898379476518
776,ITA,Other civil engineering,2016,0.013770032328472953
777,ITA,Other civil engineering,2017,0.01238666678688056
778,ITA,Other civil engineering,2018,0.012645848268412545
779,ITA,Other civil engineering,2019,0.01243326925839706
780,ITA,Railways,2010,0.007523057730281336
781,ITA,Railways,2011,0.00737739646440314
782,ITA,Railways,2012,0.009657936277847771
783,ITA,Railways,2013,0.008898995938146583
784,ITA,Railways,2014,0.007484145749297237
785,ITA,Railways,2015,0.006554256787447833
786,ITA,Railways,2016,0.007223566502207655
787,ITA,Railways,2017,0.005810472685600102
788,ITA,Railways,2018,0.006951699734871316
789,ITA,Railways,2019,0.006946444435497826
790,ITA,Roads,2010,0.02502670096351681
791,ITA,Roads,2011,0.03190397190358958
792,ITA,Roads,2012,0.026852526171049478
793,ITA,Roads,2013,0.026766196569199846
794,ITA,Roads,2014,0.029060479190732163
795,ITA,Roads,2015,0.023041356322024316
796,ITA,Roads,2016,0.019164745215770867
797,ITA,Roads,2017,0.019882608740279244
798,ITA,Roads,2018,0.018677367355939802
799,ITA,Roads,2019,0.01954500690879175
800,LTU,Buildings,2010,0.002194053891054396
801,LTU,Buildings,2011,0.0030505813441378906
802,LTU,Buildings,2012,0.0027806135169991097
803,LTU,Buildings,2013,0.0032711308891337815
804,LTU,Buildings,2014,0.003796837504100733
805,LTU,Buildings,2015,0.003391079424821275
806,LTU,Buildings,2016,0.003495019305080398
807,LTU,Buildings,2017,0.003846918281028478
808,LTU,Buildings,2018,0.004542294074828386
809,LTU,Buildings,2019,0.0049682457822721945
810,LTU,Electricity infrastructure,2010,0.00020185567886231315
811,LTU,Electricity infrastructure,2011,0.00026914273033293686
812,LTU,Electricity infrastructure,2012,0.0002748253268859179
813,LTU,Electricity infrastructure,2013,0.00026925102691992557
814,LTU,Electricity infrastructure,2014,0.0003269511936118231
815,LTU,Electricity infrastructure,2015,0.0002710186164662869
816,LTU,Electricity infrastructure,2016,0.0002546629196540493
817,LTU,Electricity infrastructure,2017,0.0003605965396923071
818,LTU,Electricity infrastructure,2018,0.0003534125365558323
819,LTU,Electricity infrastructure,2019,0.00031802574127555477
820,LTU,Other civil engineering,2010,0.00044418452669617753
821,LTU,Other civil engineering,2011,0.0004980031712253153
822,LTU,Other civil engineering,2012,0.00046535615373904997
823,LTU,Other civil engineering,2013,0.00045989575767061834
824,LTU,Other civil engineering,2014,0.0005212536172439928
825,LTU,Other civil engineering,2015,0.00044321058973687764
826,LTU,Other civil engineering,2016,0.0003065831160156509
827,LTU,Other civil engineering,2017,0.000398904717119204
828,LTU,Other civil engineering,2018,0.0005030593762807488
829,LTU,Other civil engineering,2019,0.0005950033718082965
830,LTU,Railways,2010,6.31938814453352e-05
831,LTU,Railways,2011,8.189254561554258e-05
832,LTU,Railways,2012,7.155982810608903e-05
833,LTU,Railways,2013,0.00010332823478219146
834,LTU,Railways,2014,0.00011941608870091949
835,LTU,Railways,2015,4.741337253524026e-05
836,LTU,Railways,2016,3.181682678547956e-05
837,LTU,Railways,2017,3.781825890241986e-05
838,LTU,Railways,2018,8.186520744162146e-06
839,LTU,Railways,2019,2.3430625452008603e-05
840,LTU,Roads,2010,0.0007819811176664572
841,LTU,Roads,2011,0.0009210651653668653
842,LTU,Roads,2012,0.0008285286347908124
843,LTU,Roads,2013,0.0010537499214848423
844,LTU,Roads,2014,0.00123836551105561
845,LTU,Roads,2015,0.0007962223013849991
846,LTU,Roads,2016,0.0008110398391498621
847,LTU,Roads,2017,0.0008564556076247295
848,LTU,Roads,2018,0.0009341102462908201
849,LTU,Roads,2019,0.0007544116497280644
850,LUX,Buildings,2010,0.00503098696501855
851,LUX,Buildings,2011,0.005701411616141278
852,LUX,Buildings,2012,0.005661067000409434
853,LUX,Buildings,2013,0.006051232546588258
854,LUX,Buildings,2014,0.006634764520314684
855,LUX,Buildings,2015,0.005979930441657308
856,LUX,Buildings,2016,0.006660363955638803
857,LUX,Buildings,2017,0.006665040983072115
858,LUX,Buildings,2018,0.007278219140432771
859,LUX,Buildings,2019,0.007820829455937404
860,LUX,Electricity infrastructure,2010,3.4056495129852815e-05
861,LUX,Electricity infrastructure,2011,4.720764915954519e-05
862,LUX,Electricity infrastructure,2012,7.083302726809137e-05
863,LUX,Electricity infrastructure,2013,2.9563854605441655e-05
864,LUX,Electricity infrastructure,2014,2.8944060898570006e-05
865,LUX,Electricity infrastructure,2015,3.246767275999719e-05
866,LUX,Electricity infrastructure,2016,3.6525962841697024e-05
867,LUX,Electricity infrastructure,2017,4.27715504695678e-05
868,LUX,Electricity infrastructure,2018,4.133271554032548e-05
869,LUX,Electricity infrastructure,2019,4.1260863332431574e-05
870,LUX,Other civil engineering,2010,1.2319061041571918e-05
871,LUX,Other civil engineering,2011,0.0
872,LUX,Other civil engineering,2012,0.0
873,LUX,Other civil engineering,2013,0.0
874,LUX,Other civil engineering,2014,0.0002531398909237325
875,LUX,Other civil engineering,2015,0.00024992978011322936
876,LUX,Other civil engineering,2016,0.00028352834133499755
877,LUX,Other civil engineering,2017,0.00037198079185853014
878,LUX,Other civil engineering,2018,0.00048675824745367474
879,LUX,Other civil engineering,2019,0.000515153294638297
880,LUX,Railways,2010,0.00010864065714634117
881,LUX,Railways,2011,0.00010412453641303937
882,LUX,Railways,2012,6.638941762014073e-05
883,LUX,Railways,2013,0.00017030527820448288
884,LUX,Railways,2014,0.00015649632472182503
885,LUX,Railways,2015,4.749921188242282e-05
886,LUX,Railways,2016,9.241225726749996e-05
887,LUX,Railways,2017,7.805481190860972e-05
888,LUX,Railways,2018,3.816649865991514e-05
889,LUX,Railways,2019,0.00014065126186337402
890,LUX,Roads,2010,0.0014290813256140438
891,LUX,Roads,2011,0.0015383415091797768
892,LUX,Roads,2012,0.0014292307743016925
893,LUX,Roads,2013,0.0014631775752783655
894,LUX,Roads,2014,0.0014000631931185474
895,LUX,Roads,2015,0.001119242516899701
896,LUX,Roads,2016,0.0011404766073577009
897,LUX,Roads,2017,0.0010938700053803178
898,LUX,Roads,2018,0.0011104123924701107
899,LUX,Roads,2019,0.0010717282307835122
900,LVA,Buildings,2010,0.0029636307349842944
901,LVA,Buildings,2011,0.0038637557497980496
902,LVA,Buildings,2012,0.0037316885814561883
903,LVA,Buildings,2013,0.003962021518470362
904,LVA,Buildings,2014,0.00450764591234301
905,LVA,Buildings,2015,0.0035202299087323846
906,LVA,Buildings,2016,0.0027902708235165454
907,LVA,Buildings,2017,0.0034199484400184187
908,LVA,Buildings,2018,0.00448116102484797
909,LVA,Buildings,2019,0.004313205724715708
910,LVA,Electricity infrastructure,2010,0.00018462548941795942
911,LVA,Electricity infrastructure,2011,0.0003266236831373163
912,LVA,Electricity infrastructure,2012,0.00039357346447955365
913,LVA,Electricity infrastructure,2013,0.00044749942811962365
914,LVA,Electricity infrastructure,2014,0.00041912185401679955
915,LVA,Electricity infrastructure,2015,0.00045011123014683676
916,LVA,Electricity infrastructure,2016,0.0003485605312255589
917,LVA,Electricity infrastructure,2017,0.00048244436552206845
918,LVA,Electricity infrastructure,2018,0.0005920648276887216
919,LVA,Electricity infrastructure,2019,0.0006052203196679096
920,LVA,Other civil engineering,2010,0.0003919655087461291
921,LVA,Other civil engineering,2011,0.0006280071275624142
922,LVA,Other civil engineering,2012,0.0005807464879658416
923,LVA,Other civil engineering,2013,0.0006496213139311229
924,LVA,Other civil engineering,2014,0.0007757712315798453
925,LVA,Other civil engineering,2015,0.0005151072917800398
926,LVA,Other civil engineering,2016,0.000317831463377893
927,LVA,Other civil engineering,2017,0.000427687880068973
928,LVA,Other civil engineering,2018,0.0005665290680225404
929,LVA,Other civil engineering,2019,0.00044835503080075414
930,LVA,Railways,2010,0.0001119326436433826
931,LVA,Railways,2011,0.00010030735392252813
932,LVA,Railways,2012,0.00011219562867533219
933,LVA,Railways,2013,0.00012242283336189272
934,LVA,Railways,2014,0.00013190357643564458
935,LVA,Railways,2015,0.0001329281466133955
936,LVA,Railways,2016,4.601553635466673e-05
937,LVA,Railways,2017,4.3629023371596235e-05
938,LVA,Railways,2018,2.2072222642836592e-05
939,LVA,Railways,2019,2.417836102786201e-05
940,LVA,Roads,2010,0.001145870463354973
941,LVA,Roads,2011,0.00144959324501981
942,LVA,Roads,2012,0.001387935333144542
943,LVA,Roads,2013,0.0016390654691529184
944,LVA,Roads,2014,0.0014164296841664892
945,LVA,Roads,2015,0.0011921993149388926
946,LVA,Roads,2016,0.0008504871523638645
947,LVA,Roads,2017,0.001107639038284182
948,LVA,Roads,2018,0.0013765578139305198
949,LVA,Roads,2019,0.0013213922049153243
950,MLT,Buildings,2010,0.00068445686916042
951,MLT,Buildings,2011,0.0006998160054243734
952,MLT,Buildings,2012,0.0007187076801717656
953,MLT,Buildings,2013,0.00088621470578521
954,MLT,Buildings,2014,0.0010260699914143097
955,MLT,Buildings,2015,0.0009338441244032483
956,MLT,Buildings,2016,0.0009599324259022815
957,MLT,Buildings,2017,0.001163067985531427
958,MLT,Buildings,2018,0.001334091877662382
959,MLT,Buildings,2019,0.0015323920723706095
960,MLT,Electricity infrastructure,2010,8.321664062740669e-08
961,MLT,Electricity infrastructure,2011,1.4816146903832684e-07
962,MLT,Electricity infrastructure,2012,1.9259696654892764e-07
963,MLT,Electricity infrastructure,2013,2.8446866224642515e-07
964,MLT,Electricity infrastructure,2014,3.493334565056335e-07
965,MLT,Electricity infrastructure,2015,3.105911721961257e-07
966,MLT,Electricity infrastructure,2016,3.105739851934507e-07
967,MLT,Electricity infrastructure,2017,4.373653984588487e-07
968,MLT,Electricity infrastructure,2018,5.506708355788207e-07
969,MLT,Electricity infrastructure,2019,2.356490445209489e-06
970,MLT,Other civil engineering,2010,0.0
971,MLT,Other civil engineering,2011,0.0
972,MLT,Other civil engineering,2012,0.0
973,MLT,Other civil engineering,2013,0.0
974,MLT,Other civil engineering,2014,5.919390871332627e-05
975,MLT,Other civil engineering,2015,0.00013317079726893596
976,MLT,Other civil engineering,2016,0.0
977,MLT,Other civil engineering,2017,0.0
978,MLT,Other civil engineering,2018,0.0
979,MLT,Other civil engineering,2019,4.836876095109437e-05
980,MLT,Railways,2010,0.0
981,MLT,Railways,2011,0.0
982,MLT,Railways,2012,0.0
983,MLT,Railways,2013,0.0
984,MLT,Railways,2014,0.0
985,MLT,Railways,2015,0.0
986,MLT,Railways,2016,0.0
987,MLT,Railways,2017,0.0
988,MLT,Railways,2018,0.0
989,MLT,Railways,2019,0.0
990,MLT,Roads,2010,0.0003821517822703224
991,MLT,Roads,2011,0.0004721937167744882
992,MLT,Roads,2012,0.00038776944010533547
993,MLT,Roads,2013,0.0002843129065027832
994,MLT,Roads,2014,0.0002676657620905282
995,MLT,Roads,2015,0.00016720044635642952
996,MLT,Roads,2016,0.0002910844915827951
997,MLT,Roads,2017,0.000314612797456844
998,MLT,Roads,2018,0.0003351360125118692
999,MLT,Roads,2019,0.0003207586352163864
1000,NLD,Buildings,2010,0.08697463181746501
1001,NLD,Buildings,2011,0.09491284073255148
1002,NLD,Buildings,2012,0.07807039329370008
1003,NLD,Buildings,2013,0.07505847364450091
1004,NLD,Buildings,2014,0.07733143722294897
1005,NLD,Buildings,2015,0.07093978880819121
1006,NLD,Buildings,2016,0.07715955148816903
1007,NLD,Buildings,2017,0.0809187199501377
1008,NLD,Buildings,2018,0.09749564979344004
1009,NLD,Buildings,2019,0.10451384246471516
1010,NLD,Electricity infrastructure,2010,0.002655254068519009
1011,NLD,Electricity infrastructure,2011,0.0038273485158976843
1012,NLD,Electricity infrastructure,2012,0.0061848244591205465
1013,NLD,Electricity infrastructure,2013,0.005498340616471943
1014,NLD,Electricity infrastructure,2014,0.00502636435638641
1015,NLD,Electricity infrastructure,2015,0.002106179145102935
1016,NLD,Electricity infrastructure,2016,0.0035765536281163494
1017,NLD,Electricity infrastructure,2017,0.0033140873826992497
1018,NLD,Electricity infrastructure,2018,0.00430748549934483
1019,NLD,Electricity infrastructure,2019,0.0036834302796870905
1020,NLD,Other civil engineering,2010,0.013440227165888493
1021,NLD,Other civil engineering,2011,0.00812551446470707
1022,NLD,Other civil engineering,2012,0.006202365420746651
1023,NLD,Other civil engineering,2013,0.008925946567823665
1024,NLD,Other civil engineering,2014,0.007842603782168544
1025,NLD,Other civil engineering,2015,0.008738634875773157
1026,NLD,Other civil engineering,2016,0.008238539300599167
1027,NLD,Other civil engineering,2017,0.013713121799073313
1028,NLD,Other civil engineering,2018,0.007006147987364342
1029,NLD,Other civil engineering,2019,0.004993316292876928
1030,NLD,Railways,2010,0.0011743684725329594
1031,NLD,Railways,2011,0.0021100938242395594
1032,NLD,Railways,2012,0.004283007819456977
1033,NLD,Railways,2013,0.003182709149635316
1034,NLD,Railways,2014,0.0035751447360125852
1035,NLD,Railways,2015,0.0017795009283963774
1036,NLD,Railways,2016,0.001758714491467589
1037,NLD,Railways,2017,0.0017527153265779554
1038,NLD,Railways,2018,0.00354178007744341
1039,NLD,Railways,2019,0.00342671433739227
1040,NLD,Roads,2010,0.011967694050068506
1041,NLD,Roads,2011,0.01819633842287317
1042,NLD,Roads,2012,0.013785399857211736
1043,NLD,Roads,2013,0.012969278287418137
1044,NLD,Roads,2014,0.013681846082847485
1045,NLD,Roads,2015,0.010632018627744013
1046,NLD,Roads,2016,0.011538178216996839
1047,NLD,Roads,2017,0.011122906189000767
1048,NLD,Roads,2018,0.01442023664240738
1049,NLD,Roads,2019,0.015389401556580508
1050,POL,Buildings,2010,0.06917777661740218
1051,POL,Buildings,2011,0.0765956874689274
1052,POL,Buildings,2012,0.06592911663234206
1053,POL,Buildings,2013,0.06666226017050682
1054,POL,Buildings,2014,0.06540012754700829
1055,POL,Buildings,2015,0.05789480967616725
1056,POL,Buildings,2016,0.0587064859981962
1057,POL,Buildings,2017,0.0621290920495449
1058,POL,Buildings,2018,0.07800623548599926
1059,POL,Buildings,2019,0.0787145201577701
1060,POL,Electricity infrastructure,2010,0.0031204536042538544
1061,POL,Electricity infrastructure,2011,0.0035850868571987876
1062,POL,Electricity infrastructure,2012,0.0037516058119922147
1063,POL,Electricity infrastructure,2013,0.003969120494186558
1064,POL,Electricity infrastructure,2014,0.004536000155730755
1065,POL,Electricity infrastructure,2015,0.004795671678490852
1066,POL,Electricity infrastructure,2016,0.003914489558905821
1067,POL,Electricity infrastructure,2017,0.00385722870020188
1068,POL,Electricity infrastructure,2018,0.003986800169295122
1069,POL,Electricity infrastructure,2019,0.0034593372468421377
1070,POL,Other civil engineering,2010,0.012056680911796104
1071,POL,Other civil engineering,2011,0.010211208162697381
1072,POL,Other civil engineering,2012,0.009647888767897116
1073,POL,Other civil engineering,2013,0.009048282253105677
1074,POL,Other civil engineering,2014,0.009351716225118361
1075,POL,Other civil engineering,2015,0.007693891621398191
1076,POL,Other civil engineering,2016,0.005772912025029747
1077,POL,Other civil engineering,2017,0.005520196744225688
1078,POL,Other civil engineering,2018,0.0065758960194714534
1079,POL,Other civil engineering,2019,0.006557294268045096
1080,POL,Railways,2010,0.0014808398280473178
1081,POL,Railways,2011,0.0028664406296957197
1082,POL,Railways,2012,0.0028358262479358095
1083,POL,Railways,2013,0.0027199773299462016
1084,POL,Railways,2014,0.004377093126725359
1085,POL,Railways,2015,0.0034856328739960455
1086,POL,Railways,2016,0.0022423777829312565
1087,POL,Railways,2017,0.0025505950178128243
1088,POL,Railways,2018,0.004301430023695013
1089,POL,Railways,2019,0.004393113248442648
1090,POL,Roads,2010,0.016727509742244524
1091,POL,Roads,2011,0.024245411030245672
1092,POL,Roads,2012,0.019958612081340782
1093,POL,Roads,2013,0.017341960838371834
1094,POL,Roads,2014,0.018473820330800222
1095,POL,Roads,2015,0.016031042034282458
1096,POL,Roads,2016,0.014707006126165356
1097,POL,Roads,2017,0.01625727429235259
1098,POL,Roads,2018,0.01772773830153917
1099,POL,Roads,2019,0.01898559030135202
1100,PRT,Buildings,2010,0.022719188999686807
1101,PRT,Buildings,2011,0.020119466229073905
1102,PRT,Buildings,2012,0.013655409713059813
1103,PRT,Buildings,2013,0.012501434915606076
1104,PRT,Buildings,2014,0.01200415229534058
1105,PRT,Buildings,2015,0.010706532188655072
1106,PRT,Buildings,2016,0.01180479040269164
1107,PRT,Buildings,2017,0.014065726146720563
1108,PRT,Buildings,2018,0.01665759440306807
1109,PRT,Buildings,2019,0.017262998036645046
1110,PRT,Electricity infrastructure,2010,0.0008881210045660671
1111,PRT,Electricity infrastructure,2011,0.0012202898352470476
1112,PRT,Electricity infrastructure,2012,0.0007759865831172128
1113,PRT,Electricity infrastructure,2013,0.0008432957693704805
1114,PRT,Electricity infrastructure,2014,0.0006609509484172241
1115,PRT,Electricity infrastructure,2015,0.0005019731000661807
1116,PRT,Electricity infrastructure,2016,0.0006388829038948683
1117,PRT,Electricity infrastructure,2017,0.0006078878963130202
1118,PRT,Electricity infrastructure,2018,0.000629837543496324
1119,PRT,Electricity infrastructure,2019,0.000643993114426651
1120,PRT,Other civil engineering,2010,0.006680476302142724
1121,PRT,Other civil engineering,2011,0.006103613401045373
1122,PRT,Other civil engineering,2012,0.004603598713651511
1123,PRT,Other civil engineering,2013,0.004478162879374726
1124,PRT,Other civil engineering,2014,0.003964017437761546
1125,PRT,Other civil engineering,2015,0.0030101681408294862
1126,PRT,Other civil engineering,2016,0.0026669085940209964
1127,PRT,Other civil engineering,2017,0.002916190732828102
1128,PRT,Other civil engineering,2018,0.003362175511537232
1129,PRT,Other civil engineering,2019,0.003723558664077911
1130,PRT,Railways,2010,0.0007536980626103067
1131,PRT,Railways,2011,0.00034577194159679135
1132,PRT,Railways,2012,0.0002512203687914629
1133,PRT,Railways,2013,0.00011192806294781752
1134,PRT,Railways,2014,0.00018747645117201525
1135,PRT,Railways,2015,0.0003397072644060674
1136,PRT,Railways,2016,0.00016784585199841793
1137,PRT,Railways,2017,0.00010824465863309185
1138,PRT,Railways,2018,0.00013506637788152046
1139,PRT,Railways,2019,0.00021703601320198973
1140,PRT,Roads,2010,0.009158786051233787
1141,PRT,Roads,2011,0.009925639007253474
1142,PRT,Roads,2012,0.00731181214753229
1143,PRT,Roads,2013,0.006234982201261596
1144,PRT,Roads,2014,0.005536713295196931
1145,PRT,Roads,2015,0.004280227079741588
1146,PRT,Roads,2016,0.0032969720928260745
1147,PRT,Roads,2017,0.0034804425760808174
1148,PRT,Roads,2018,0.003414266164016846
1149,PRT,Roads,2019,0.0034486599489074966
1150,ROU,Buildings,2010,0.024595707808318365
1151,ROU,Buildings,2011,0.023427817141341598
1152,ROU,Buildings,2012,0.023223166732914854
1153,ROU,Buildings,2013,0.019642074467057583
1154,ROU,Buildings,2014,0.01932946618077324
1155,ROU,Buildings,2015,0.018611178266162105
1156,ROU,Buildings,2016,0.020284049164054956
1157,ROU,Buildings,2017,0.021411957847004934
1158,ROU,Buildings,2018,0.026732464543721895
1159,ROU,Buildings,2019,0.029739218435929887
1160,ROU,Electricity infrastructure,2010,0.0010101912716150641
1161,ROU,Electricity infrastructure,2011,0.0009381188532072013
1162,ROU,Electricity infrastructure,2012,0.0010009640500721886
1163,ROU,Electricity infrastructure,2013,0.0008087295975195579
1164,ROU,Electricity infrastructure,2014,0.000561698642555388
1165,ROU,Electricity infrastructure,2015,0.0005615115750762006
1166,ROU,Electricity infrastructure,2016,0.0005248536313377987
1167,ROU,Electricity infrastructure,2017,0.0006561971036819945
1168,ROU,Electricity infrastructure,2018,0.0007480466912975624
1169,ROU,Electricity infrastructure,2019,0.000849954674805906
1170,ROU,Other civil engineering,2010,0.004053888240970285
1171,ROU,Other civil engineering,2011,0.003708521777595273
1172,ROU,Other civil engineering,2012,0.002751983828331805
1173,ROU,Other civil engineering,2013,0.0025602521614609946
1174,ROU,Other civil engineering,2014,0.002390479504905095
1175,ROU,Other civil engineering,2015,0.0028411687440724415
1176,ROU,Other civil engineering,2016,0.0019289177355399742
1177,ROU,Other civil engineering,2017,0.0016584094036741145
1178,ROU,Other civil engineering,2018,0.001733462884282076
1179,ROU,Other civil engineering,2019,0.002204245107969132
1180,ROU,Railways,2010,0.0005785322304224429
1181,ROU,Railways,2011,0.0004301333486713326
1182,ROU,Railways,2012,0.0004943781766902996
1183,ROU,Railways,2013,0.00041972164323509297
1184,ROU,Railways,2014,0.00036720911417548505
1185,ROU,Railways,2015,0.00045040856582695795
1186,ROU,Railways,2016,0.0006317363814884152
1187,ROU,Railways,2017,0.0004023390511923322
1188,ROU,Railways,2018,0.0003008723056884746
1189,ROU,Railways,2019,0.0003280231491859487
1190,ROU,Roads,2010,0.011185938349318733
1191,ROU,Roads,2011,0.011289600402572583
1192,ROU,Roads,2012,0.011159512603616842
1193,ROU,Roads,2013,0.013639534555086564
1194,ROU,Roads,2014,0.008590859577026088
1195,ROU,Roads,2015,0.007975206011326591
1196,ROU,Roads,2016,0.007730439955550253
1197,ROU,Roads,2017,0.006379558796486218
1198,ROU,Roads,2018,0.006451513575009985
1199,ROU,Roads,2019,0.008145537214177727
1200,SVK,Buildings,2010,0.008247339134922952
1201,SVK,Buildings,2011,0.008628840119979348
1202,SVK,Buildings,2012,0.007734937304096776
1203,SVK,Buildings,2013,0.007086341872169778
1204,SVK,Buildings,2014,0.009152871625721778
1205,SVK,Buildings,2015,0.008340654576032287
1206,SVK,Buildings,2016,0.009104375507703625
1207,SVK,Buildings,2017,0.010100824611658708
1208,SVK,Buildings,2018,0.011238829608459561
1209,SVK,Buildings,2019,0.010818705782368309
1210,SVK,Electricity infrastructure,2010,0.0010016196207019233
1211,SVK,Electricity infrastructure,2011,0.0008927311882248134
1212,SVK,Electricity infrastructure,2012,0.001066179784104323
1213,SVK,Electricity infrastructure,2013,0.001034255267534696
1214,SVK,Electricity infrastructure,2014,0.000422946124429413
1215,SVK,Electricity infrastructure,2015,0.0004467981787656519
1216,SVK,Electricity infrastructure,2016,0.0005892372759700949
1217,SVK,Electricity infrastructure,2017,0.0004943066278628161
1218,SVK,Electricity infrastructure,2018,0.0004613789082595023
1219,SVK,Electricity infrastructure,2019,0.0003889773211469838
1220,SVK,Other civil engineering,2010,0.0019420615226354338
1221,SVK,Other civil engineering,2011,0.0017562057019106909
1222,SVK,Other civil engineering,2012,0.0010686773421618296
1223,SVK,Other civil engineering,2013,0.001284502485266214
1224,SVK,Other civil engineering,2014,0.001218946605259033
1225,SVK,Other civil engineering,2015,0.0014091651719332202
1226,SVK,Other civil engineering,2016,0.0009601489493139582
1227,SVK,Other civil engineering,2017,0.0009301829885733703
1228,SVK,Other civil engineering,2018,0.001152753815375818
1229,SVK,Other civil engineering,2019,0.0011157782094522197
1230,SVK,Railways,2010,0.00037622490820267445
1231,SVK,Railways,2011,0.0004438714841862539
1232,SVK,Railways,2012,0.0003363203589487122
1233,SVK,Railways,2013,0.000524218965286455
1234,SVK,Railways,2014,0.0005664125288536056
1235,SVK,Railways,2015,0.0006106634771511081
1236,SVK,Railways,2016,0.0003336342638679391
1237,SVK,Railways,2017,0.00034035881756993257
1238,SVK,Railways,2018,0.00039665400288343955
1239,SVK,Railways,2019,0.00033386421918796906
1240,SVK,Roads,2010,0.0035237884536314145
1241,SVK,Roads,2011,0.004352612681050492
1242,SVK,Roads,2012,0.003476340769059954
1243,SVK,Roads,2013,0.002942379319145255
1244,SVK,Roads,2014,0.0030377007593471684
1245,SVK,Roads,2015,0.0038349573062801327
1246,SVK,Roads,2016,0.0028724321384439784
1247,SVK,Roads,2017,0.003619243232706171
1248,SVK,Roads,2018,0.004543983665021675
1249,SVK,Roads,2019,0.004102940973712418
1250,SVN,Buildings,2010,0.006010047386105906
1251,SVN,Buildings,2011,0.005412449828006182
1252,SVN,Buildings,2012,0.0047170488146900755
1253,SVN,Buildings,2013,0.0045460456493537065
1254,SVN,Buildings,2014,0.004488578112757326
1255,SVN,Buildings,2015,0.0035281624843903335
1256,SVN,Buildings,2016,0.003784306032498548
1257,SVN,Buildings,2017,0.004337329433411023
1258,SVN,Buildings,2018,0.0055029279957056745
1259,SVN,Buildings,2019,0.00565737679385845
1260,SVN,Electricity infrastructure,2010,0.0001900737653493727
1261,SVN,Electricity infrastructure,2011,0.00023151081216220634
1262,SVN,Electricity infrastructure,2012,0.00032234409769415524
1263,SVN,Electricity infrastructure,2013,0.000257279866967027
1264,SVN,Electricity infrastructure,2014,0.00024109608772644787
1265,SVN,Electricity infrastructure,2015,0.0002809726172044721
1266,SVN,Electricity infrastructure,2016,0.00016813621148684495
1267,SVN,Electricity infrastructure,2017,0.00019061701461099646
1268,SVN,Electricity infrastructure,2018,0.00023728056404327306
1269,SVN,Electricity infrastructure,2019,0.0002579805406801976
1270,SVN,Other civil engineering,2010,0.0006908923908930077
1271,SVN,Other civil engineering,2011,0.0006839173119114968
1272,SVN,Other civil engineering,2012,0.0006061993479024432
1273,SVN,Other civil engineering,2013,0.0006965756398181921
1274,SVN,Other civil engineering,2014,0.0007326816172466068
1275,SVN,Other civil engineering,2015,0.0006747108640986012
1276,SVN,Other civil engineering,2016,0.00047078139216316656
1277,SVN,Other civil engineering,2017,0.00046635516638794905
1278,SVN,Other civil engineering,2018,0.0006726701379139479
1279,SVN,Other civil engineering,2019,0.0006738685659580979
1280,SVN,Railways,2010,0.0001623024725289493
1281,SVN,Railways,2011,0.00021803005356871543
1282,SVN,Railways,2012,0.00013602931208406112
1283,SVN,Railways,2013,0.00026781737971709094
1284,SVN,Railways,2014,0.00023955397479981635
1285,SVN,Railways,2015,0.00020804203117586332
1286,SVN,Railways,2016,0.0002246072597084163
1287,SVN,Railways,2017,0.00022488081390749398
1288,SVN,Railways,2018,0.0002234253599620518
1289,SVN,Railways,2019,0.00021486441295901935
1290,SVN,Roads,2010,0.0023162683828101636
1291,SVN,Roads,2011,0.001931532672893697
1292,SVN,Roads,2012,0.0014802617270256641
1293,SVN,Roads,2013,0.0012533338337337324
1294,SVN,Roads,2014,0.0016273149322608206
1295,SVN,Roads,2015,0.0013514292187438198
1296,SVN,Roads,2016,0.0012127880838616724
1297,SVN,Roads,2017,0.0014576199611387361
1298,SVN,Roads,2018,0.0015417709423750526
1299,SVN,Roads,2019,0.0014826951985529128
1300,SWE,Buildings,2010,0.04592647489623973
1301,SWE,Buildings,2011,0.055622108433569024
1302,SWE,Buildings,2012,0.05394193659660724
1303,SWE,Buildings,2013,0.05631165141230867
1304,SWE,Buildings,2014,0.05693188564240534
1305,SWE,Buildings,2015,0.05136707173516347
1306,SWE,Buildings,2016,0.054078154340517784
1307,SWE,Buildings,2017,0.06077489939776796
1308,SWE,Buildings,2018,0.06555313659515573
1309,SWE,Buildings,2019,0.06294555663280939
1310,SWE,Electricity infrastructure,2010,0.0011613093766823647
1311,SWE,Electricity infrastructure,2011,0.0013627910711737684
1312,SWE,Electricity infrastructure,2012,0.001685724062820699
1313,SWE,Electricity infrastructure,2013,0.001401709865622219
1314,SWE,Electricity infrastructure,2014,0.0019063031799261892
1315,SWE,Electricity infrastructure,2015,0.0012920360028404155
1316,SWE,Electricity infrastructure,2016,0.0013636753292969156
1317,SWE,Electricity infrastructure,2017,0.002059797487356077
1318,SWE,Electricity infrastructure,2018,0.0018147913633217926
1319,SWE,Electricity infrastructure,2019,0.001979910302339935
1320,SWE,Other civil engineering,2010,0.0011449839092167538
1321,SWE,Other civil engineering,2011,0.0014758219937079564
1322,SWE,Other civil engineering,2012,0.0014510230644223326
1323,SWE,Other civil engineering,2013,0.0014116237271472542
1324,SWE,Other civil engineering,2014,0.0012723867856459035
1325,SWE,Other civil engineering,2015,0.001178580875817314
1326,SWE,Other civil engineering,2016,0.0011778187578090709
1327,SWE,Other civil engineering,2017,0.0012439895511454299
1328,SWE,Other civil engineering,2018,0.001330163058823528
1329,SWE,Other civil engineering,2019,0.0015615522960562213
1330,SWE,Railways,2010,0.0017371703701911918
1331,SWE,Railways,2011,0.0020735224541535797
1332,SWE,Railways,2012,0.0020114022235528284
1333,SWE,Railways,2013,0.002002779028333489
1334,SWE,Railways,2014,0.0022292226975487873
1335,SWE,Railways,2015,0.001974265958908785
1336,SWE,Railways,2016,0.0017170816764194316
1337,SWE,Railways,2017,0.0019035715020565681
1338,SWE,Railways,2018,0.002063466761683439
1339,SWE,Railways,2019,0.0016362779118119708
1340,SWE,Roads,2010,0.0033240914085830584
1341,SWE,Roads,2011,0.004390251041884758
1342,SWE,Roads,2012,0.005931605514284986
1343,SWE,Roads,2013,0.007360863182056852
1344,SWE,Roads,2014,0.00686000900515328
1345,SWE,Roads,2015,0.007145722993450498
1346,SWE,Roads,2016,0.006049337997865798
1347,SWE,Roads,2017,0.006526933637019448
1348,SWE,Roads,2018,0.006458182221015519
1349,SWE,Roads,2019,0.005579892433289482
